Seite (Noten),Seite,Buch,Künstler,Titel
283,268,1,10 CC,Dreadlock Holiday
163,163,5,257ers,Holz
59,61,3,2raumwohnung,Besser geht
1,1,4,2raumwohnung,36 Grad
52,48,1,5th Dimension,Aquarius
281,266,1,5th Dimension,Let The Sunshine In
32,32,4,A fine Frenzy,Almost Lover
150,143,1,ABBA,Fernando
295,289,1,ABBA,Take A Chance On Me
315,297,1,ABBA,Chiquitita
327,308,1,ABBA,Super Trouper
429,399,1,ABBA,The Winner Takes It All
13,13,2,ABBA,Waterloo
72,66,2,ABBA,The Day Before You Came
77,71,2,ABBA,S.O.S.
116,129,2,ABBA,Thank You For The Music
143,138,2,ABBA,Dancing Queen
199,188,2,ABBA,One Of Us
275,263,2,ABBA,"Knowing Me, Knowing You"
309,297,2,ABBA,Mamma Mia
99,100,3,ABBA,Money Money Money
131,131,3,ABBA,I Have A Dream
284,280,3,ABBA,Gimme! Gimme! Gimme!
18,18,4,ABBA,Lay All Your Love On Me
170,170,5,ABBA,I Do I Do I Do I Do I Do
177,177,5,ABBA,I still have faith in you
305,305,5,ABBA,Slipping through my fingers
399,396,5,ABBA,Don't shut me down
343,343,1,AC/DC,Thunderstruck
322,308,2,AC/DC,Highway To Hell
326,321,3,AC/DC,T.N.T
154,154,5,AC/DC,Hells Bells
383,383,5,AC/DC,You shook me all night long
23,21,1,Ace of Base,All That She Wants
226,224,3,Achim Reichel,Aloha heja he
227,225,3,Achim Reichel,Der Spieler
197,197,5,Adel Tawil,Ist da jemand
222,222,5,Adel Tawil,Lieder
341,341,4,Adele,Skyfall
380,380,4,Adele,Fire To The Rain
381,381,4,Adele,Someone Like You
392,388,4,Adele,Rolling In The Deep
106,106,5,Adele,Easy on me
153,153,5,Adele,Hello
409,401,5,Adele,When We Were Young
131,131,W,Adolphe Adam,O Holy Night
287,275,2,Adriano Celentano,Una festa sui prati
297,285,2,Aerosmith,Dream On
12,12,5,Aerosmith,Amazing
74,74,5,Aerosmith,Crazy
227,227,5,Aerosmith,Living on the edge
100,100,4,Aerosmith ,Cryin
241,228,2,Afroman,Because I Got High
190,179,2,Aha,Crying In The Rain
308,296,2,Aha,Take On Me
363,346,2,Aha,Summer Moved On
347,343,3,Aha,The Sun Always Shines On T.V.
3,3,4,Aha,Foot Of The Mountain
173,172,3,Al Bano & Romina Power,Felicita
285,281,3,Al Martino,Spanish Eyes
44,46,3,Al Stewart,Year Of The Cat
110,110,W,Alan Jackson,Let It Be Christmas
97,97,5,Alan Parsons Project,Don't answer me
212,203,1,Alanis Morrisette,Ironic
302,284,1,Alanis Morrisette,Hand In My Pocket
68,61,1,Alannah Myles,Black Velvet
158,149,1,Albert Hammond,The Free Electric Band
380,357,1,Albert Hammond,It Never Rains In Southern California
20,22,3,Albert Hammond,I'm a train
173,173,W,Albert Hammond,Under The Christmas Tree
2,2,4,Alexander Rybak,Fairytale
131,124,1,Alexandra,Mein Freund der Baum
145,145,4,Alexandra,Zigeunerjunge
17,17,4,Alexandra Stan,Mr Saxobeat
406,389,2,Alice Cooper ,School
231,229,3,Alice Cooper ,Poison
71,71,4,Alicia Keys,No One
222,222,4,Alicia Keys,Fallin
175,174,3,Alizee,Moi... Lolita
299,299,5,Alle Farben,She Moves
234,234,5,Almklausi,Mama Laudaaa
174,174,5,Aloe Blacc,I Need A Dollar
97,88,2,Alphaville,Summer In Berlin
221,208,2,Alphaville,Forever Young
228,215,2,Alphaville,Jet Set
244,231,2,Alphaville,Lies
280,268,2,Alphaville,Sounds Like A Melody
418,400,2,Alphaville,Fallen Angel
383,365,2,Alphaville ,Big In Japan
210,210,5,Alvaro Soler,La Cintura
307,307,5,Alvaro Soler,Sofia
262,263,1,Amanda Marshall,Let It Rain
303,285,1,America,A Horse With No Name
284,272,2,America ,The Last Unicorn
209,209,5,Amii Stewart,Knock on wood
218,218,W,Amy Grant,O Come All Ye Faithful
44,44,4,Amy MacDonald,This Is The Life
306,306,4,Amy MacDonald,Mr Rock & Roll
22,22,5,Amy Winehouse,Back to black
279,279,5,Amy Winehouse,Rehab
345,345,5,Amy Winehouse,Valerie
234,223,2,Anastacia,I'm Outta Love
23,25,3,Anastacia,Left Outside Alone
168,167,3,Anastacia,One Day In Your Life
194,191,3,Anastacia,I've Paid my Dues
289,289,4,Anastacia,Sick And Tired
269,269,5,Anastacia,Paid my dues
284,284,4,Andrea Berg,Du hast mich tausendmal belogen
341,341,5,Andrea Jürgens,Und dabei liebe ich euch beide
18,18,5,Andreas Bourani,Astronaut
158,158,5,Andreas Bourani,Hey
393,393,5,Andreas Bourani,Auf anderen Wegen
395,394,5,Andreas Bourani,Auf uns
14,14,5,Andreas Gabalier,Amoi seg’ ma uns wieder
166,166,5,Andreas Gabalier,Hulapalu
175,175,5,Andreas Gabalier,I sing a Liad für Di
145,145,3,Andru Donalds,All Out Of Love
103,95,1,Animals,House Of The Rising Sun
172,172,5,Animotion,I engineer
70,70,W,Ann & Nancy Wilson,Here Is Christmas
319,316,3,Annett Louisan,Das Spiel
81,81,5,Annett Louisan,Das Gefühl
27,27,5,Aqua,Barbie Girl
282,282,5,Aretha Franklin,RESPECT
89,81,1,Art Garfunkel,Bright Eyes
16,16,4,Asaf Avidan & the mojos,One Day 
88,88,4,Ashford & Simpson,Solid
123,116,1,Astrid Lindgren,"Hey, Pippi Langstrumpf"
324,310,2,ATC,Around The World
366,366,5,Atomic Kitten,Whole again
311,311,4,Aura Dione,Friends
325,325,5,Ava Max,Sweet but Psycho
305,0,X,Aventura,Obsesion
22,22,4,Avicii,Hey Brother
348,348,5,Avicii,Waiting For Love
18,20,3,Avril Lavigne,Complicated
58,52,2,Axe,Battles
94,95,3,Baccara ,"Yes Sir, I Can Boogie"
375,375,5,Bachman Turner Overdrive,You Ain't Seen Nothin' Yet
116,116,5,Backstreet Boys,Everybody
277,277,5,Backstreet Boys,Quit playing games
112,104,2,Backstreet Boys ,I Want It That Way
293,266,2,Bad Religion ,Twentyfirst Century Digital Boy
379,375,3,Bad Religion ,Punk Rock Song
162,152,2,Banana Fishbones,Come To Sin
229,216,2,Banana Fishbones,Easy Day
57,52,1,Bananarama,Venus
286,286,5,Bananarama,Robert de Niro's waiting
133,133,3,Band Aid,Do They Know It
340,335,3,Band ohne Namen,Take My Heart
135,125,2,Bandits ,Catch Me
393,368,1,Bangles,Eternal Flame
350,350,5,Bangles,Walk Like An Egyptian
179,167,2,Bangles ,Manic Monday
114,106,1,BAP,Verdamp lang her
126,119,1,Barbra Streisand,Woman In Love
102,94,1,Barclay James Harvest,Hymn
223,223,5,Barclay James Harvest,Life Is For Living
387,362,1,Barry Manilow,Mandy
96,97,3,Barry Manilow,Copacabana
169,160,1,Barry McGuire,Eve Of Destruction
385,385,5,Barry White,You're The First The Last My Everything
206,197,1,Bata Illic,Michaela
419,391,1,Beach Boys,Kokomo
423,395,1,Beach Boys,Surfin
164,154,2,Beach Boys,Help Me Rhonda
334,321,2,Beach Boys,Good Vibrations
348,333,2,Beach Boys,Fun Fun Fun
173,173,5,Beach Boys,I get around
153,143,2,Beach Boys ,California Girls
254,252,3,Beagle Music / Copp,Ice In The Sunshine
182,170,2,Beastie Boys,Fight For Your Right
27,25,1,Beatles,Hey Jude
33,31,1,Beatles,Let It Be
43,38,1,Beatles,Yesterday
87,79,1,Beatles,Yellow Submarine
10,10,2,Beatles,Michelle
51,46,2,Beatles,"Ob-La-Di, Ob-La-Da"
93,84,2,Beatles,When I’m Sixty-Four
110,102,2,Beatles,She Loves You
180,168,2,Beatles,Here Comes The Sun
188,177,2,Beatles,Penny Lane
215,204,2,Beatles,All You Need Is Love
245,232,2,Beatles,A Hard Day
250,237,2,Beatles,Lady Madonna
258,245,2,Beatles,Twist And Shout
271,259,2,Beatles,Help
276,264,2,Beatles,With A Little Help From My Friends
295,283,2,Beatles,Nowhere Man
301,289,2,Beatles,Come Together
349,334,2,Beatles,All My Loving
203,200,3,Beatles,Eleanor Rigby
21,21,5,Beatles,Back in the USSR
179,179,5,Beatles,I want to hold your hand
334,334,5,Beatles,The long and winding road
190,190,4,Beatrice Egli,Mein Herz
80,74,2,Beck,Loser
257,243,1,Bee Gees,How Deep Is Your Love
32,30,2,Bee Gees,Words
398,382,2,Bee Gees,This Is Where I Came In
365,361,3,Bee Gees,You Win Again
176,176,5,Bee Gees,I started a joke
181,181,5,Bee Gees,I.O.I.O.
267,267,5,Bee Gees,Ordinary lives
318,318,5,Bee Gees,Stayin' Alive
27,25,2,Bee Gees ,Massachusetts
354,352,2,Bee Gees ,Spicks And Specks
387,369,2,Beethoven,Freude schöner Götterfunken
67,67,5,Belinda Carlisle,Circle in the sand
151,151,5,Belinda Carlisle,Heaven is a place on earth
298,280,1,Bell Book and Candle,Rescue Me
218,207,1,Ben E. King,Stand By Me
1,1,5,Berge,10.000 Tränen
232,221,2,Berlin,Take My Breath Away
193,184,1,Bernd Clüver,Der Junge mit der Mundharmonika
94,94,5,Bertolt Brecht,Die Moritat von Mackie Messer
102,94,2,Bette Midler,From A Distance
268,266,3,Bette Midler,The Rose
200,197,3,Bette Midler / Rolling Stones,Beast Of Burden
80,80,4,Beverley Craven,Promise Me
201,201,4,Beyonce,If I was a Boy
196,185,2,Bill Haley,See You Later Alligator
21,19,2,Bill Haley ,Rock Around The Clock
347,396,2,Bill Medley & Jennifer Warnes,I've had the Time of my Life
337,332,3,Bill Ramsey,Pigalle
263,263,5,Bill Ramsey,Ohne Krimi geht die Mimi nie ins Bett
390,390,5,Bill Ramsey,Zuckerpuppe
37,39,3,Bill Withers,Ain't no sunshine
25,25,5,Billie Eilish,Bad guy
118,118,5,Billie Eilish,Everything I wanted
258,258,5,Billie Eilish,No time to die
4,6,3,Billy Idol,Sweet Sixteen
148,148,3,Billy Idol,Rebel Yell
365,365,5,Billy Idol,White Wedding
154,144,2,Billy Joel,She's Always a Woman
247,234,2,Billy Joel,Leningrad
326,312,2,Billy Joel,Piano Man
86,2,3,Billy Joel,We Didn't start the fire
9,9,4,Billy Joel,Honesty
330,316,2,Billy Joel ,Uptown Girl
185,185,5,Billy Mo,Ich kauf' mir lieber einen Tirolerhut
82,76,2,Billy Ray Cyrus ,Achy Breaky Heart
325,311,2,Billy Ray Cyrus ,These Boots Are Made For Walking
58,58,W,Bing Crosby,Frosty The Snowman
150,150,W,Bing Crosby,Silver Bells
186,186,W,Bing Crosby,White Christmas
235,235,5,Bino,Mama Leone (deutsch)
211,211,4,Birdy,People Help The People
333,320,2,Black ,Wonderful Life
100,92,1,Black F,Frankreich Frankreich
243,243,5,Black Fööss,Mer losse d'r Dom in Kölle
149,149,3,Black Sabbath,Paranoid
257,257,5,Blackmore's Night,No second chance
9,9,5,Blink182,All The Small Things
351,336,2,Blondie,Maria
54,54,5,Blondie,Call me
354,350,3,Blondie / Atomic Kitten,The Tide Is High
201,190,2,Bloodhound Gang ,The Bad Touch
266,253,2,Bloodhound Gang ,The Ballad Of Chasey Lain
293,281,2,Bloodhound Gang ,Fire Water Burn
366,349,2,Bloodhound Gang ,Along Comes Mary
331,318,2,Blue Diamonds,Itsy Bitsy Teenie Weenie Honululu-Strand-Bikini
326,326,5,Blues Brothers,Sweet home Chicago
17,15,2,Blues Brothers ,Rawhide
93,93,4,Blues Brothers ,Soul Man
212,212,W,Blues traveler,Christmas
277,265,2,Blur ,Country House
174,165,1,Bob Dylan,Mighty Quinn (Quinn The Eskimo)
176,167,1,Bob Dylan,Blowin' in the wind
221,210,1,Bob Dylan,Mr. Tambourine Man
313,295,1,Bob Dylan,Knockin' on heavens door
134,124,2,Bob Dylan,Just Like A Woman
197,186,2,Bob Dylan,"Don't think twice, it's all right"
377,376,2,Bob Dylan,A Hard Rain
29,27,2,Bob Dylan ,The Times They Are A-Changing
37,36,2,Bob Dylan ,Hurricane
170,161,1,Bob Geldof,The Great Song Of Indifference
168,159,1,Bob Marley,Buffalo Soldier
292,275,1,Bob Marley,"No Woman, No Cry"
305,287,1,Bob Marley,Redemption Song
360,339,1,Bob Marley,I Shot The Sheriff
306,294,2,Bob Marley,Could You Be Loved
357,340,2,Bob Marley,Is This Love
384,366,2,Bob Seger,Old Time Rock And Roll
48,48,4,Bob Seger,Against The Wind
91,91,4,Bob Seger,Still The Same
77,77,4,Bob Seger ,Turn The Page
163,162,3,"Bobby Hebb, Boney M",Sunny
95,95,W,Bobby Helms,Jingle Bell Rock
173,163,2,Bobby Mc Ferrin,Don't worry be happy
72,65,1,Bon Jovi,Blood Money
228,218,1,Bon Jovi,Bed Of Roses
282,267,1,Bon Jovi,Living On A Prayer
287,277,1,Bon Jovi,This Ain't A Love Song
401,375,1,Bon Jovi,Always
175,165,2,Bon Jovi,In These Arms
198,343,2,Bon Jovi,It's My Live
223,221,3,Bon Jovi,Have A Nice Day
308,304,3,Bon Jovi,Keep The Faith
24,24,4,Bon Jovi,You Give Love A Bad Name
49,49,2,Bon Jovi ,These Days
146,135,2,Bon Jovi ,Runaway
249,236,2,Bon Jovi ,Wanted Dead Or Alive
404,387,2,Boney M,Brown Girl In The Ring
293,289,3,Boney M,Daddy Cool
34,34,5,Boney M,Belfast
164,164,5,Boney M,Hooray! Hooray! It's A Holi-Holiday
5,5,2,Boney M ,Rivers Of Babylon
163,153,2,Boney M ,Rasputin
218,205,2,Boney M ,Ma Baker
435,405,1,Bonfire,You Make Me Feel
385,367,2,Bonnie Tyler,It's A Heartache
17,19,3,Bonnie Tyler,Holding Out For A Hero
337,324,2,Bonnie Tyler ,Total Eclipse Of The Heart
375,352,1,Boomtown rats,I Don't Like Mondays
203,192,2,Boston ,More Than A Feeling
25,23,2,Box Tops,The Letter
407,403,3,Breakfast at Tiffany's,Moon River
141,141,W,Brenda Lee,Rockin’ Around The Christmas Tree
50,46,1,Brian Hyland,Sealed With A Kiss
30,28,1,Brian May,Too Much Love Will Kill You
85,79,2,Britney Spears,Lucky
20,20,5,Britney Spears,Baby one more time
266,266,5,Britney Spears,Oopa I did it again
206,206,W,Britney Spears,My Only Wish This Year
364,364,5,Bros,When Will I Be Famous
256,254,3,Brotherhood Of Man,Save Your Kisses For Me
194,194,4,Bruce & Bongo,Geil
74,67,1,Bruce Springsteen,Born In The USA
227,217,1,Bruce Springsteen,Because The Night
238,227,1,Bruce Springsteen,I'm On Fire
245,233,1,Bruce Springsteen,My Hometown
258,244,1,Bruce Springsteen,Streets Of Philadelphia
260,246,1,Bruce Springsteen,The River
301,283,1,Bruce Springsteen,Ghost Of Tom Joad
306,288,1,Bruce Springsteen,Born To Run
334,314,1,Bruce Springsteen,No Surrender
76,76,5,Bruce Springsteen,Dancing in the dark
122,122,5,Bruce Springsteen,Fire
45,45,4,Bruno Mars,Grenade
121,121,4,Bruno Mars,Just The Way You Are
72,72,5,Bruno Mars,Count on me
229,229,5,Bruno Mars,Locked Out Of Heaven
20,19,1,Bryan Adams,Everything I Do) I Do It For You
285,270,1,Bryan Adams,Heaven
376,353,1,Bryan Adams,Run To You
352,337,2,Bryan Adams,Summer Of 69
68,68,5,Bryan Adams,Cloud number nine
149,149,5,Bryan Adams,Have You Ever Really Loved A Woman
24,24,W,Bryan Adams,Christmas Time
140,140,W,Bryan Adams,Reggae Christmas
176,172,2,Bryan Adams ,Please Forgive Me
96,96,4,"Bryan Adams, Rod Stewart & Sting",All For Love
205,202,3,Buddy Holly,Peggy Sue
88,81,2,Buddy vs DJ the Wave,Ab in den Süden
356,339,2,Buggles ,Video Killed The Radio Star
287,283,3,Burt Bacharach,Raindrops Keep Fallin
23,23,5,call ,Bad bad Leroy Brown
376,376,5,Calum Scott,You are the reason
325,320,3,Cameo,Word Up!
147,147,5,Camila Cabello,Havana
103,102,3,Camouflage,Love Is A Shield
375,371,3,Camouflage,The Great Commandment
229,229,4,Capital Cities,Safe And Sound
300,300,4,Carl Douglas,Kung Fu Fighting
49,45,1,Carl Perkins,Blue Suede Shoes
55,55,5,Carly Rae Jepsen,Call me maybe
127,127,3,Carly Simon,You
326,326,4,Caro Emerald,A Night Like This
398,374,1,Carole King,You
271,271,4,Carole King,Will You Love Me Tomorrow?
146,146,5,Carole King,Hard Rock Cafe
303,299,3,Casablanca /Hupfeld/ Andy Williams,As Time Goes By
168,168,4,Cassandra Steen,Stadt
40,37,1,Cat Stevens,"If You Want To Sing Out, Sing Out"
108,100,1,Cat Stevens,Morning Has Broken
120,113,1,Cat Stevens,Father And Son
332,312,1,Cat Stevens,Moonshadow
23,21,2,Cat Stevens,(Oh Baby Baby) It's a wild world
23,21,2,Cat Stevens,Wild World
132,122,2,Cat Stevens,Hard Headed Woman
236,225,2,Cat Stevens,Sad Lisa
415,397,2,Cat Stevens,Lady D'Arbanville
246,244,3,Cat Stevens,Peace Train
14,14,4,Caterina Valente & Silvio Francesco,Quando quando
47,43,1,Cats,Memory
15,15,1,CCR,Bad Moon Rising
24,22,1,CCR,Down On The Corner
26,24,1,CCR,Have You Ever Seen The Rain
382,359,1,CCR,Proud Mary
292,242,2,Celine Dion,It's All Coming To Me Now
78,78,4,Celine Dion,A New Day Has Come
174,164,2,Celine Dion ,Immortality
235,233,3,Celine Dion ,My Heart Will Go On
6,6,5,Chaka Khan,Ain't Nobody
372,372,5,Charles & Eddie,Would I lie to you
84,84,4,Charles Aznavour,She
121,121,W,Charles Brown,Merry Christmas Baby
237,237,5,Charlie Puth feat. Meghan Trainor,Marvin Gaye
290,286,3,Charlie Rich,The Most Beautiful Girl
180,180,5,Cheap Trick,I want you to want me
0,38,3,Cher,Tramps & Thieves
36,38,3,Cher,"Gypsies, Tramps And Thieves"
10,10,4,Cher,If I Could Turn Back Time
11,11,4,Cher,Just Like Jesse James
123,123,4,Cher,Strong Enough
206,203,3,Cher ,The Shoop Shoop Song
220,217,3,Chicago,Hard To Say I'm Sorry
191,191,5,Chicago,If you leave me now
397,393,3,Chris Andrews ,Pretty Belinda
229,223,1,Chris de Burgh,The Lady In Red
320,300,1,Chris de Burgh,Crusader
322,302,1,Chris de Burgh,Don't Pay The Ferryman
336,327,1,Chris de Burgh,Waiting for a Hurricane
147,136,2,Chris de Burgh,Spanish Train
187,176,2,Chris de Burgh,A Spaceman Came Travelling
111,111,3,Chris de Burgh,High On Emotion
81,81,4,Chris de Burgh,Sailing Away
100,92,2,Chris Howland,Ich hab das Fräul’n Helen baden seh’n
295,291,3,Chris Isaak,Blue Hotel
367,367,5,Chris Isaak,Wicked game
47,47,4,Chris Norman,Midnight Lady
236,234,3,Chris Norman & Suzi Quatro,Stumblin' In
294,278,1,Chris Rea,Road To Hell
38,38,W,Chris Rea,Driving Home For Christmas
202,193,1,Chris Roberts,Hab Sonne Im Herzen
6,6,4,Chris Roberts,"Hab ich dir heute schon gesagt,... ?"
145,138,1,Christian Anders,Es fährt ein Zug nach Nirgendwo
119,119,4,Christie,San Bernadino
374,374,5,Christie,Yellow river
57,59,3,Christina Aguilera,Beautiful
403,399,3,Christina Aguilera,Hurt
131,131,5,Christina Aguilera,Genie in a bottle
338,333,3,"Christina Aguilera, Lil' Kim, Mya & Pink",Lady Marmalade
266,266,4,Christina Perri,Jar Of Hearts
353,349,3,Christina Stürmer,Ich lebe
246,246,5,Christina Stürmer,Millionen Lichter
354,354,5,Christina Stürmer,Was wirklich bleibt
61,55,2,Christophe,Aline
4,4,4,Christopher Cross,Arthur
283,283,5,Christopher Cross,Ride like the wind
290,290,5,Christopher Cross,Sailing
137,127,2,Chubby Checker,Let's twist again
186,185,3,Chubby Checker ,The Twist
248,234,1,Chuck Berry,Johnny B. Goode
431,401,1,Chumbawamba,Tubthumping
183,182,3,Cindy & Bert,Immer wieder sonntags
16,16,1,Cindy Lauper,Time After Time
162,161,3,City,Am Fenster
25,23,1,Cliff Richard,Rote Lippen soll man küssen
237,235,3,Clout / Righteous brothers,Substitute
31,33,3,Clowns & Helden,Ich liebe dich
125,115,2,Club Nouveau ,Lean On Me
7,7,4,Clueso,Gewinner
65,65,5,Clueso,Chicago
244,232,1,Coalminer's beat,Land Of Green
271,255,1,Coalminer's beat,The Ballad Of Belly O'Connor
272,256,1,Coalminer's beat,Take Me High Above
267,265,3,Cock Robin,The Promise You Made
8,8,4,Colbie Caillat,Bubbly
48,48,5,Colbie Caillat,Brighter Than The Sun
204,201,3,Coldplay,Speed Of Sound
255,253,3,Coldplay,Clocks
388,384,3,Coldplay,In My Place
320,320,4,Coldplay,Viva La Vida
390,387,4,Coldplay,Paradise
199,199,W,Coldplay,Christmas Lights
418,390,1,Comedian Harmonists,Mein kleiner grüner Kaktus
283,271,2,Comedian Harmonists,Ich wollt ich wär ein Huhn
355,351,3,Comedian Harmonists,Wochenend und Sonnenschein
313,313,4,Commodores,Nightshift
174,173,3,Compay Segundo,Guantanamera
284,284,5,Conchita Wurst,Rise Like A Phoenix
219,208,1,Connells,74 - 75
229,227,3,Connie Francis,Die Liebe ist ein seltsames Spiel
116,116,4,Connie Francis,Schöner fremder Mann
147,147,3,Conny Froboess (Jan & Kjeld),Zwei kleine Italiener
230,228,3,Coolio,Gangsta's Paradise
15,15,5,Cora,Amsterdam
207,198,1,Costa Cordalis,Anita
294,290,3,Costa Cordalis ,Viva La Noche
279,264,1,Counting crows,Mr. Jones
338,316,1,Counting crows,Perfect Blue Buildings
211,202,1,Cranberries,Zombie
237,226,2,Cranberries,Ode To My Family
171,162,1,Crash Test Dummies,Mmmm Mmmm Mmmm Mmmm
259,246,2,Crash Test Dummies,God Shuffled His Feet
52,52,5,Cro,Bye Bye
108,108,5,Cro,Einmal um die Welt
424,396,1,"Crosby, Stills, Nash & Young",Teach Your Children
362,358,3,Crowded House,Don't Dream It's Over
356,356,5,Crowded House,Weather with you
334,334,4,Culcha Candela,Hamma
96,96,5,Culture Club,Do you really want to hurt me?
203,203,5,Culture Club,Karma Chameleon
413,298,2,Cutting Crew,(I Just) Died In Your Arms Tonight
39,39,W,Cyndi Lauper,Early Christmas Morning
53,53,W,Cyndi Lauper,Feels Like Christmas
189,178,2,Cyndi Lauper ,Girls Just Want To Have Fun
305,293,2,Cyndi Lauper ,True Colors
133,133,5,Daft Punk Feat. Pharrell Williams,Get Lucky
24,24,5,Daniel Powter,Bad Day
28,28,W,Daniela Andrade,Christmas Time Is Here
238,238,5,Danny Wilson,Mary's prayer
82,82,4,Dante Thomas feat. Pras,Miss California
198,189,1,Danyel Gerard,Butterfly
4,4,W,Darlene Love,All Alone On Christmas
17,17,1,David Bowie,Space Oddity
156,156,5,David Bowie,Heroes
218,218,5,David Bowie,Let’s Dance
315,315,5,David Bowie,Starman
99,91,2,David Bowie ,The Man Who Sold The World
317,314,3,David Bowie & Pat Metheny,This is not America
405,401,3,David Dundas ,Jeans On
2,2,W,David Essex,A Winter's Tale
58,60,3,David Garrick,Mrs. Applebee
339,339,5,David Guetta,Titanium
66,69,3,David Hasselhoff,Looking For Freedom
246,242,1,David Lee Roth,Just A Gigolo
22,22,W,David Pomeranz,Christmas Is The Time Of The Year
200,200,W,David Pomeranz,Christmas Star
349,345,3,De Höhner,"Wenn nicht jetzt, wann dann?"
89,89,4,Dead or alive,You Spin Me Round
28,28,5,Dean Lewis,Be alright
15,15,4,Dean Martin,Sway
210,210,W,Dean Martin & Doris Day,"Baby, It’s Cold Outside "
380,380,5,Debbie Boone,You light up my life
352,331,1,Deep Blue Something,Breakfast At Tiffany
67,62,2,Deep Purple,Child In Time
92,93,3,Deep Purple,Smoke On The Water
37,34,1,Def Leppard,Two Steps Behind
275,275,5,Def Leppard,Pour some sugar on me
260,260,5,Del Amitri,Nothing ever happens
288,288,5,Del Shannon,Runaway (Shannon)
121,114,1,Depeche Mode,Enjoy The Silence
276,260,1,Depeche Mode,Leave In Silence
388,363,1,Depeche Mode,See You
412,384,1,Depeche Mode,Somebody
39,39,5,Depeche Mode,Blasphemous rumours
377,377,5,Desmond Dekker,You can get it if you really want
36,36,W,Detlev Jöcker,Dicke rote Kerzen
71,71,5,Dexy’s Midnight Runners,Come on Eileen
203,203,W,Diana Decker,I'm A Little Christmas Cracker
62,62,5,Diana Ross,Chain reaction
343,343,5,Diana Ross,Upside down
425,408,2,Dick Brave & the backbeats,Take Good Care Of My Baby
235,224,2,Dido,Life For Rent
252,239,2,Dido,Thank You
291,291,4,Dido,White Flag
340,340,4,Dido,No Freedom
155,155,5,Dido,Here with me
21,21,W,Dido,Christmas Day
336,336,4,Die ,Lasse redn
187,186,3,Die 4 Apostel,Zieh dich aus kleine Maus
105,105,5,Die aerzte,Du willst mich küssen
109,109,5,Die aerzte,El Cattivo
111,111,5,Die aerzte,Elke
294,294,5,Die aerzte,Schrei nach Liebe
360,360,5,Die aerzte,Westerland
389,389,5,Die aerzte,Zu spaet
260,260,4,Die Ärzte,Manchmal haben Frauen
261,261,4,Die Ärzte,Männer sind Schweine
337,337,4,Die Ärzte,Junge
408,402,4,Die Ärzte,M&F
86,86,4,Die Doofen,Mief
176,176,3,Die Fantastischen Vier,Die da !?!
392,392,5,Die Fantastischen Vier,Zusammen
59,59,4,Die Flippers,Lotosblume
228,226,3,Die Kolibris,Die Hände zum Himmel
12,12,1,Die Prinzen,Alles nur geklaut
241,239,3,Die Prinzen,Du musst ein Schwein sein
289,285,3,Die Prinzen,Million
360,356,3,Die Prinzen,Mein Fahrrad
62,64,3,Die Randfichten,Lebt denn dr alte Holzmichl noch
181,171,1,Die Schande,Ein einfaches Mädchen
373,357,2,Die Schröders,Lass uns schmutzig Liebe machen
151,144,1,Die Toten Hosen,Hier kommt Alex
54,56,3,Die Toten Hosen,Eisgekühlter Bommerlunder
232,232,4,Die Toten Hosen,Alles aus Liebe
233,233,4,Die Toten Hosen,Bayern
262,262,4,Die Toten Hosen,Zehn kleine Jägermeister
263,263,4,Die toten Hosen,Tage wie diese
264,264,4,Die Toten Hosen,Paradies
265,265,4,Die Toten Hosen,"Steh auf, wenn du am Boden bist"
330,330,4,Die Toten Hosen,Das Altbier Lied
331,331,4,Die Toten Hosen,Altes Fieber
36,36,5,Die Toten Hosen,Bis zum bitteren Ende
45,45,5,Die Toten Hosen,Bonnie & Clyde
293,293,5,Die Toten Hosen,Sascha ein aufrechter Deutscher
366,362,3,Dion ,The Wanderer
330,330,5,Dionne Warwick with Elton John,Thats what friends are for
253,238,1,Dire Straits,The Man's Too Strong
340,318,1,Dire Straits,Romeo And Juliet
345,323,1,Dire Straits,Sultans of Swing
78,72,2,Dire Straits,Brothers In Arms
126,116,2,Dire Straits,Money For Nothing
422,222,2,Dire Straits,Your Latest Trick
302,290,2,Dire Straits,Why Worry
358,341,2,Dire Straits,Walk Of Life
65,65,4,Dire Straits,Private Investigations
42,44,3,Disney,Supercalifragilistic
115,115,5,DJ BoBo,Everybody
8,10,3,DJ Ötzi,Anton aus Tirol
81,83,3,DJ Ötzi,Ein Stern (der deinen Namen tr
242,240,3,DJ Ötzi,Hey Baby
21,21,4,DJ Ötzi,Noch in 100.000 Jahren
346,331,2,DÖF,Codo
230,230,4,DÖF,Taxi
80,82,3,Dolls United,Eine Insel mit zwei Bergen
172,162,2,Don Henley ,The Boys Of Summer
7,7,1,Don McLean,Vincent
225,214,1,Don McLean,American Pie
352,352,4,Donikkl,So ein schöner Tag
69,69,4,Donna Summer,Hot Stuff
106,106,4,Donna Summer,She Works Hard For The Money
4,4,1,Donovan,The Universal Soldier
265,252,2,Donovan,Atlantis
296,292,3,Donovan,Colours
0,81,3,Doris Day,Que serà
69,69,W,Doris Day,Here Comes Santa Claus
60,60,4,Doris Day ,Que sera sera
215,204,1,Dorthe Kolls,Am Sonntag will mein Süßer mit mir segeln gehen
289,277,2,Dr Hook ,The Ballad Of Lucy Jordan
35,35,4,Dr Hook ,Cover Of The Rolling Stone
13,13,4,Dr. Alban ,Sing Hallelujah
223,210,2,Dr. Hook,Sylvia's Mother
88,80,1,Drafi Deutscher,Marmor Stein und Eisen bricht
274,274,5,Drupi,Piccola e fragile
24,22,2,Dschingis Khan,Dschingis Khan
183,171,2,Dschingis Khan ,Moskau
134,127,1,Dschungelbuch,Probier's mal mit Gemütlichkeit
244,244,5,Duffy,Mercy
268,268,5,Duran Duran,Ordinary world
337,337,5,Duran Duran,The wild boys
376,360,2,Dusty Springfield,Son Of A Preacher Man
98,90,1,E.A.V.,Der Wein von Mykonos
119,112,1,E.A.V.,Fata Morgana
312,293,1,E.A.V.,Morgen
33,31,2,Eagle Eye Cherry ,Falling In Love Again
328,314,2,Eagle Eye Cherry ,Save Tonight
28,26,1,Eagles,Hotel California
346,324,1,Eagles,Take It Easy
142,133,2,Eagles,Desperado
12,12,2,Eagles ,Heartache Tonight
144,144,W,Eartha Kitt,Santa Baby
43,40,2,EAV,Ba-Ba-Bank
316,304,2,EAV,Märchenprinz
368,364,3,EAV,Küss die Hand schöne Frau
106,98,1,Echt,Du trägst keine Liebe in dir
109,101,2,Echt,Alles wird sich ändern
311,299,2,Echt ,Sag mal weinst du
26,26,5,Ed Sheeran,Bad habits
61,61,5,Ed Sheeran,Castle on the hill
143,143,5,Ed Sheeran,Happier
272,272,5,Ed Sheeran,Perfect
273,273,5,Ed Sheeran,Photograph
297,297,5,Ed Sheeran,Shape of you
300,300,5,Ed Sheeran,Shivers
331,331,5,Ed Sheeran,The A team
361,357,3,Eddy Grant,Gimme Hope Jo'anna
314,302,2,Edith Piaf,"Non, je ne regrette rien"
343,339,3,Edith Piaf,Milord
169,159,2,Edward Reekers,So schmeckt der Sommer
3,3,5,Edwyn Collins,A Girl Like You
11,11,5,Element Of Crime,Am Ende denk ich immer nur an dich
86,86,5,Element Of Crime,Delmenhorst
103,103,W,Ella Endlich,"Küss mich, halt mich, lieb mich"
56,56,5,ELO,Calling America
44,39,1,Elton John,Your Song
73,66,1,Elton John,Can You Feel The Love Tonight
75,68,1,Elton John,Crocodile Rock
232,220,1,Elton John,Candle In The Wind
233,221,1,Elton John,Daniel
367,350,2,Elton John,I'm Still Standing
399,383,2,Elton John,I Guess That's Why The Calld It The Blues
128,128,3,Elton John,Circle Of Life
384,380,3,Elton John,Blue Eyes
410,406,3,Elton John,Sorry Seems To Be The Hardest Word
5,5,4,Elton John,A Word In Spanish
139,139,5,Elton John,Goodbye Yellow brick road
182,182,5,Elton John,I'm gonna love me again
289,289,5,Elton John,Sacrifice
30,30,W,Elton John,Cold As Christmas
155,155,W,Elton John,Step Into Christmas
157,147,2,Elton John ,Nikita
27,27,4,Elton John & Kiki Dee,Don't Go Breaking My Heart
95,87,1,Elvis Presley,In The Ghetto
35,33,2,Elvis Presley,Are You Lonesome Tonight?
36,35,2,Elvis Presley,Suspicious Minds
106,98,2,Elvis Presley,Can't Help Falling In Love
254,187,2,Elvis Presley,It's Now Or Never
257,244,2,Elvis Presley,Always On My Mind
150,332,2,Elvis Presley,(Let Me Be Your) Teddy Bear
347,332,2,Elvis Presley,Teddy Bear
379,361,2,Elvis Presley,Love Me Tender
419,401,2,Elvis Presley,Return To Sender
395,404,2,Elvis Presley,You’re The Devil In Disguise
160,159,3,Elvis Presley,Viva Las Vegas
165,164,3,Elvis Presley,Jailhouse Rock
18,18,W,Elvis Presley,Blue Christmas
82,82,W,Elvis Presley,If Every Day Was Like Christmas
110,109,3,Elvis Presley vs. JXL,A Little Less Conversation
76,76,W,Emerson Lake & Palmer,I Believe In Father Christmas
131,121,2,"Emerson, Lake & Palmer",Lucky Man
58,53,1,Emilia,Big Big World
216,202,2,Eminem,Stan
361,361,5,Emma Bunton,What took you so long
226,213,2,Emmylou Harris,You Never Can Tell
396,391,4,Empire of the Sun,We Are The People
55,51,1,Enrique Iglesias,Bailamos
193,182,2,Enrique Iglesias,Rhythm Divine
208,205,3,Enrique Iglesias,Hero
128,118,2,Enya,Only Time
274,262,2,Eric Burdon,When I Was Young
14,14,1,Eric Carmen,All By Myself
32,30,1,Eric Clapton,Layla
46,41,1,Eric Clapton,Wonderful Tonight
394,369,1,Eric Clapton,Tears In Heaven
213,213,5,Eric Clapton,Lay down Sally
359,342,2,Eric Frantzen Chor und Orchester,"Hey, Hey Wickie"
167,167,5,Ernst Neger,Humbta Taetaerae
38,38,2,Eros Ramazzotti,Adesso tu
400,385,2,Eros Ramazzotti,Cose della vita - Can't Stop Thinking Of You
296,296,4,Eros Ramazzotti,Più Bella Rose
70,70,4,Eros Ramazzotti feat. Anastacia,I Belong To You
52,52,W,Errol Brown,Family Christmas Time
171,161,2,Espen Lind ,When Susannah Cries
111,103,2,Europe,Carrie
411,394,2,Europe,The Final Countdown
155,145,2,Eurythmics,I Saved The World Today
109,108,3,Eurythmics,Here Comes The Rain Again
240,227,2,Eurythmics ,Sweet Dreams
292,292,4,Evanescence,My Immortal
49,49,5,Evanescence,Bring Me To Life
70,73,3,Everlast,What It's Like
261,259,3,Everlast / Santana,Put Your Lights On
115,107,1,Everly Brothers,Bye Bye Love
177,168,1,Extrabreit,"Hurra, Hurra, die Schule brennt"
74,76,3,Extrabreit,"Flieger, grüß mit die Sonne"
240,229,1,Extreme,More Than Words
219,206,2,F R David ,Words
187,178,1,F. J. Degenhardt,Spiel nicht mit den Schmuddelkindern
26,26,4,Fairground Attraction,Perfect
253,240,2,Faith no more ,Easy
97,89,1,Falco,Out Of The Dark
239,228,1,Falco,Jeanny
158,148,2,Falco,Rock Me Amadeus
275,273,3,Falco ,Der Kommissar
365,365,4,Family of the year,Hero
246,246,4,Fats Domino,I'm walking
383,382,4,Fergie,Big Girls Don't Cry
298,298,5,Fine Young cannibals,She drives me crazy
207,204,3,Fischer Z,Marliese
298,294,3,Flippers,Aber dich gibt's nur einmal für mich
95,95,5,Flippers,Die rote Sonne von Barbados
361,340,1,Fool's garden,Lemon Tree
69,69,5,Foreigner,Cold as ice
344,344,5,Foreigner,Urgent
18,16,2,Foreigner ,I Want To Know What Love Is
412,395,2,Foreigner ,Juke Box Hero
1,1,1,Four non blondes,What's up
344,322,1,Four non blondes,Spaceman
143,143,3,France Gall,"Ella, Elle L'a"
291,274,1,Frank Sinatra,My Way
310,307,3,Frank Sinatra,The Girl From Ipanema
321,338,3,Frank Sinatra,New York New York
67,67,W,Frank Sinatra,Have Yourself A Merry Little Christmas
86,86,W,Frank Sinatra,I'll be Home For Christmas
111,111,W,Frank Sinatra,Let It Snow! Let It Snow! Let It Snow!
123,123,W,Frank Sinatra,Mistletoe And Holly
145,145,W,Frank Sinatra,Santa Claus Is Coming To Town
165,165,W,Frank Sinatra,The Christmas Waltz
393,375,2,Frank Sinatra ,Strangers In The Night
41,41,5,Frank Zappa,Bobby Brown
154,154,3,Frankie Goes To Hollywood,The Power Of Love
280,280,5,Frankie Goes To Hollywood,Relax
190,190,5,Frans,If I Were Sorry
157,148,1,Franzl Lang,Bergvagabunden
286,282,3,Fred Astaire,Puttin' On The Ritz
333,333,5,Freddie Mercury,The great pretender
329,315,2,Freddy Breck,Ich hab mein Herz in Heidelberg verloren
407,380,1,Freddy Quinn,Die Gitarre und das Meer
31,31,4,Freddy Quinn,Heimweh
117,117,4,Freddy Quinn,"Junge, komm bald wieder"
143,143,W,Freddy Quinn,Sankt Niklas war ein Seemann
26,28,3,Freundeskreis ,A-N-N-A
373,373,5,Frida Gold,Wovon sollen wir traeumen
327,327,4,Fun,We Are Young
339,317,1,Fury in the slaughterhouse,Radio Orchid
238,236,3,Fury in the slaughterhouse,Time To Wonder
315,315,4,Gabriella Cilmi,Sweet About Me
274,258,1,Gänsehaut,Karl der Käfer
218,218,4,Garland Jeffreys,Matador
137,137,3,Garth Brooks,The Thunder Rolls
331,326,3,Garth Brooks,If Tomorrow Never Comes
122,122,4,Garth Brooks,Standing Outside The Fire
136,136,3,Gary Moore ,Still Got The Blues
38,35,1,Gazebo,I Like Chopin
423,406,2,Gebrüber Balttschuss,Kreuzberger Nächte sind lang
299,281,1,Geier Sturzflug,Bruttosozialprodukt
198,195,3,Geier Sturzflug ,Pure Lust am Leben
304,304,5,Gene Kelly,Singing in the rain
233,231,3,Gene Pitney ,Hello Mary Lou
67,70,3,Gene Pitney & Marc Almond,Something Gotten Hold Of My Heart
212,201,2,Genesis ,No Son Of Mine
342,328,2,Genesis ,The Carpet Crawlers
325,306,1,George Baker Selection,O La Paloma Blanca
38,38,5,George Ezra,Blame It On Me
50,50,5,George Ezra,Budapest
162,162,5,George Ezra,Hold my girl
301,301,5,George Ezra,Shotgun
324,324,5,George Gershwin,Summertime
383,379,3,George Michael,Careless Whisper
128,128,5,George Michael,Freedom
219,216,3,George Michael & Elton John,Don't Let The Sun Go Down On Me
65,68,3,Geri Halliwell,Mi Chico Latino
120,120,5,Gerry & the pacemakers,Ferry 'Cross The Mersey
104,96,1,Gerry Rafferty,Baker Street
266,264,3,Gianna Nannini & Edoardo Bennato,Un‘ estate italiana
220,220,4,Gibson Brothers,Que sera mi vida
19,19,4,"Gigi D'Agostino, Nik Kershaw",The Riddle
93,94,3,Gilbert O' Sullivan,Matrimony
136,126,2,Gilbert O'Sullivan,Claire
20,18,2,Gipsy Kings,Baila me
84,78,2,Gipsy Kings,Bamboleo
82,84,3,Gipsy Kings ,Volare
196,193,3,Gitte (Lil Malmqvist),Ich will'nen cowboy als Mann
50,50,4,Gitte Haenning,Freu dich bloß nicht zu früh
274,272,3,Gitti & Erica ,Heidi
330,325,3,Glashaus,Wenn das Liebe ist
107,107,5,Glasperlenspiel,Echt
130,130,5,Glasperlenspiel,Geiles Leben
323,323,4,Glen Campbell,Rhinestone Cowboy
23,23,W,Gloria Estefan,Christmas Through Your Eyes
152,177,1,Gloria Gaynor,I Will Survive
168,168,5,Gloria Gaynor,I Am What I Am
75,75,5,Gnarls Barkley,Crazy
20,20,4,Golden Earring,Radar Love
60,62,3,Goombay Dance Band,Sun Of Jamaica
231,220,2,Gordon Lightfoot,If You Could Read My Mind
293,293,4,Gossip,Heavy Cross
14,16,3,Gotthard,Heaven
25,25,4,Gotthard,"Father, is That Enough"
148,148,4,Gotthard,Let It Rain
359,355,3,Gottlieb Wendehals,Polonäse Blankenese
233,379,2,Grease (Olivia Newton-John & John Travolta),You're The One That I Want
224,213,1,Green Day,Basket Case
357,353,3,Green Day,Wake Me Up When September Ends
387,383,3,Green Day,Boulevard Of Broken Dreams
279,279,4,Green Day,21 Guns
222,209,2,Green Day ,When I Come Around
207,207,5,Gregor Meyle,Keine ist wie du
223,212,1,Guildo Horn,Guildo hat euch lieb
3,3,1,Guns 'n' Roses,Don't Cry
178,169,1,Guns 'n' Roses,Paradise City
179,170,1,Guns 'n' Roses,November Rain
357,357,4,Guns 'n' Roses,Sweet Child O' Mine
197,194,3,Gus Backus,Da sprach der alte Häuptling der Indianer
120,120,3,H Bloxx,Little Girl
104,104,5,Haiducii,Dragostea din tei
12,12,4,Haindling,Lang scho nimma gsehn
138,138,4,Haindling,Du Depp
149,142,1,Hanna Aroni,viva Espana
8,8,1,Hannes Wader,"Heute hier, morgen dort"
128,121,1,Hannes Wader,Kokain
57,57,4,Hannes Wader,Es ist an der Zeit
216,205,1,Hans Albers,La Paloma
353,353,4,Hans Albers ,Auf der Reeperbahn nachts um halb eins
124,114,2,Hans Hartz,Die weißen Tauben sind müde
108,100,2,Hans Hartz ,"Joe, noch einen"
391,387,3,Hanson,Mmm Bop
249,249,5,Harpo,Movie Star
200,189,2,Harry Belafonte,Day-O (Banana Boat Song)
196,196,5,Harry Belafonte,Island in the sun
364,360,3,Harry Belafonte ,Matilda
434,404,1,Harry Nilsson,Without You
355,355,5,Harry Styles,Watermelon sugar
186,175,2,Hazy Osterwald ,Kriminal Tango
165,155,2,Heart,Alone
138,138,3,Heart,All I Wanna Do Is Make Love To You
92,84,1,Hedy West,500 Miles
428,398,1,Heike Makatsch,Stand By Your Man
122,112,2,Heike Schäfer,Die Glocken von Rom
40,40,5,Heino,Blau blüht der Enzian
202,202,5,Heino,Karamba Karacho ein Whiskey
233,233,5,Heintje,Mama
53,48,2,Heinz Rudolf Kunze ,Dein ist mein ganzes Herz
124,117,1,Heinz Rühmann,Ich brech' die Herzen der stolzensten Frau'n
159,150,1,Heinz Rühmann,"Ein Freund, ein guter Freund"
411,383,1,Heinz Rühmann,Das kann doch einen Seemann nicht erschüttern
388,370,2,Heinz Rühmann,"Jawohl, meine Herr'n"
211,211,5,Heinz Rühmann,La Le Lu
5,5,5,Helene Fischer,Achterbahn
19,19,5,Helene Fischer,Atemlos durch die Nacht
119,119,5,Helene Fischer,Fehlerfrei
189,189,5,Helene Fischer,Ich will immer wieder... dieses Fieber spür'n
247,247,5,Helene Fischer,Mitten im Paradies
261,261,5,Helene Fischer,Nur mit dir
405,399,5,Helene Fischer,Herzbeben
204,204,5,Helge Schneider,Katzeklo
358,337,1,Henry Valentino,Im Wagen vor Mir
130,123,1,Herbert Grönemeyer,Männer
333,313,1,Herbert Grönemeyer,Morgenrot
4,4,2,Herbert Grönemeyer,Bochum
8,8,2,Herbert Grönemeyer,Alkohol
40,39,2,Herbert Grönemeyer,Was soll das
120,110,2,Herbert Grönemeyer,Flugzeuge im Bauch
424,407,2,Herbert Grönemeyer,Musik nur wenn sie laut ist
2,4,3,Herbert Grönemeyer,Kinder an die Macht
48,50,3,Herbert Grönemeyer,Der Weg
72,75,3,Herbert Grönemeyer,Demo (Letzter Tag)
114,114,3,Herbert Grönemeyer,Lied 1 
282,305,3,Herbert Grönemeyer,Halt mich
344,340,3,Herbert Grönemeyer,Mensch
265,263,3,Herman's Hermits,No Milk Today
291,287,3,Hildegard Knef,Für mich soll's rote Rosen regnen
392,388,3,Him ,Join Me
243,241,3,Hoffmann & Hoffmann,Himbeereis zum Frühstück
374,370,3,Hoffmann & Hoffmann,Alles was ich brauche bist du
303,291,2,Höhner,Die Karawane zieht weiter
140,140,4,Hot Banditoz,Veo Veo
76,78,3,Hot Chocolate,It Started With A Kiss
117,117,5,Hot Chocolate,Everyone's a winner
255,255,5,Hot Chocolate,No doubt about it
382,382,5,Hot Chocolate,You sexy thing
118,110,1,Hot Dogs,Die alten Rittersleut
192,183,1,Howard Carpendale,Tür an Tür mit Alice
209,200,1,Howard Carpendale,Ti amo
210,201,1,Howard Carpendale,Fremde oder Freunde
319,299,1,Howard Carpendale,Nimm den nächsten Zug
291,291,5,Howard Carpendale,Samstag Nacht
2,2,2,Howard Carpendale ,Es geht um mehr
166,156,2,Howard Carpendale ,Wem
168,158,2,Howard Carpendale ,Da nahm er seine Gitarre
340,325,2,Howard Carpendale ,Deine Spuren im Sand
343,329,2,Howard Carpendale ,Hello Again
75,77,3,Hubert Kah,Engel 07
144,144,4,Hubert Kah ,Sternenhimmel
143,136,1,Hubert von Goisern,Koa Hiatamadl
47,47,5,Hubert von Goisern,Brenna tuats guat
357,357,5,Hubert von Goisern,Weit weit weg
147,147,4,Hugh Grant,Way Back Into Love
316,316,5,Hurts,Stay
371,371,5,Hurts,Wonderful life
55,57,3,Ibo ,Ibiza
329,324,3,Ich + Ich,Stark
335,335,4,Ich + Ich,Pflaster
348,348,4,Ich + Ich,So soll es bleiben
349,349,4,Ich + Ich,Vom selben Stern
351,351,4,Ich + Ich,Universum
127,117,2,Ideal,Deine blauen Augen
268,256,2,Iggy Pop,Passenger
285,285,5,Ike & Tina Turner,"River Deep, Mountain High"
109,101,1,Ina Deter,Neue Männer braucht das Land
34,32,2,Inner Circle,Sweat (A La La La La Long)
213,216,1,INXS,Beautiful Girl
104,104,4,INXS,Never Tear Us Apart
95,96,3,Irene Cara,Flashdance - What A Feeling
38,38,4,Irene Cara ,Fame
239,239,4,Ivan Rebroff,Wenn ich einmal reich wär
329,329,4,Ivy Quainoo,Do You Like What You See
49,51,3,J J Cale,Cocaine
270,258,2,J. Geils Band ,Centerfold
221,221,4,Jackson 5,I'll Be There
225,225,5,Jackson Browne,Lives in the balance
252,252,5,James Arthur,Naked
407,400,5,James Bay,Hold Back The River
297,293,3,James Blunt,You're beautiful
378,374,3,James Blunt,Wisemen
131,131,4,James Blunt,Primavera In Anticipo
133,133,4,James Blunt,Stay The Night
208,208,4,James Blunt,Bonfire Heart
302,302,4,James Blunt,1973
363,363,5,James Blunt,When I Find Love Again
298,298,4,James Morrison,Broken Strings
124,124,4,James Taylor,How Sweet It Is ( To Be Loved By You)
123,123,5,James Taylor,Fire and Rain
255,240,1,Janis Joplin,Me And Bobby McGee
273,257,1,Janis Joplin,Mercedes Benz
315,140,2,Janis Joplin,Take A Little) Piece Of My Heart
143,143,4,Jason Mraz,I'm Yours
170,160,2,JBO ,Ein guter Tag zum Sterben
262,249,2,Jeff Buckley,Hallelujah
48,45,2,Jennifer Rush,The Power Of Love
151,151,4,Jennifer Rush,Destiny
33,33,4,Jeremy Days,Brand New Toy
311,292,1,Jermaine Jackson & Pia Zadora,When The Rain Begins To Fall
368,368,4,Jessie J feat B.o.B.,Price Tag
249,235,1,Jethro Tull,Locomotive Breath
1,1,W,Jethro Tull,A Christmas Song 
37,37,4,Jim Croce,Time In A Bottle
59,154,1,Jimi Hendrix,Hey Joe
19,17,2,Jimi Hendrix ,The Wind Cries Mary
51,47,1,Jinxs,Another World
167,158,1,Joachim Witt,Goldener Reiter
38,40,3,Joan Jett,I Love Rock n' Roll
362,343,1,Joan Osborne,One Of Us
107,106,3,Joe Cocker,You Can Leave Your Hat On
221,219,3,Joe Cocker,N’oubliez jamais
277,275,3,Joe Cocker / Hans Hartz,Sail Away
318,315,3,Joe Cocker & Jennifer Warnes ,Up Where We Belong
73,67,2,Joe Dassin,Champs Elysées
73,67,2,Joe Dessin,Les Champs- Elysées
79,79,5,Johanna von Koczian,Das bißchen Haushalt
31,29,1,John Denver,Annie
45,40,1,John Denver,"Take Me Home, Country Roads"
85,77,1,John Denver,Leaving On A Jet Plane
386,386,5,John Farnham,You're The Voice
46,48,3,John Kincade,Dreams Are Ten A Penny
8,8,5,John Legend,All of me
178,166,2,John Lennon,Imagine
239,237,3,John Lennon,Woman
65,65,W,John Lennon ,Happy Xmas (War is over)
81,75,2,John Mellencamp,Jack And Diane
78,78,W,John Mellencamp,I Saw Mommy Kissing Santa Claus
398,392,4,John Miles,Music
231,231,5,John Newman,Love Me Again
182,181,3,John Paul Young,Love Is In The Air
253,251,3,Johnny Cash,I Walk The Line
134,134,5,Johnny Cash,Ghost Riders in the sky
251,251,4,Johnny Cash ,Ring Of Fire
61,61,W,Johnny Gill,Give Love On Christmas Day
402,396,4,Johnny Hill,Ruf Teddybär eins-vier
92,92,W,Johnny Mathis,It's The Most Wonderful Time Of The Year
185,185,W,Johnny Mathis,When A Child Is Born
207,207,W,Johnny Mathis,Sleigh Ride
370,366,3,Johnny Nash,I Can See Clearly Now
194,194,5,Johnny Wakelin,In Zaire
69,62,1,Jon Bon Jovi,Blaze Of Glory
367,367,4,Jona Lewie,Stop The Cavalry
208,208,W,Jona Lewie,Stop The Cavalry 
297,297,4,Jorge Ben / Sergio Mendes,Mas Que Nada
403,398,5,Joris,Herz über Kopf
36,36,4,Jose Feliciano,Rain
54,54,W,Jose Feliciano,Feliz Navidad
79,81,3,José Feliciano,Che sara
91,91,5,Josef Salvat,Diamonds
330,310,1,Joshua Kadison,Jessie
106,105,3,Joshua Kadison ,Picture Postcards From L.A.
78,80,3,Juanes,A dios le pido
146,146,3,Juanes,La Camisa Negra
294,282,2,Judy Collins ,Amazing Grace
232,230,3,Judy Garland / Wizard of Oz,Over The Rainbow
90,91,3,Juli,Geile Zeit
148,141,1,Juliane Werding,"Am Tag, als Conny Kramer starb"
396,392,3,Juliane Werding ,"Wenn du denkst, du denkst"
85,85,4,Julio Iglesias / Bata Ilic,Amor
190,189,3,Juni,Perfekte Welle
224,224,4,Jupiter Jones,Still
157,157,5,Jürgen,Heute faehrt die 18 bis nach Istanbul
191,182,1,Jürgen Drews,Ein Bett im Kornfeld
194,185,1,Jürgen Drews,Eine neue Liebe ist wie ein neues Leben
149,139,2,Jürgen Drews,Wieder alles im Griff
315,312,3,Jürgen Drews,"Guten Morgen, liebe Sorgen"
205,205,W,Justin Bieber,Mistletoe
181,181,4,Justin Timberlake,What Goes Around... Comes Around
136,136,5,K.C. and the sunshine band,Give It Up
371,371,4,K'naan,Wavin' Flag
99,91,1,Kansas,Dust In The Wind
261,248,2,Karat,Der Albatros
220,207,2,Karel Gott,Babicka
211,200,2,Karel Gott ,Biene Maja
53,55,3,Karel Gott ,Einmal um die ganze Welt
341,336,3,Kate Winslet,What If
47,44,2,Kate Yanai,Summer Dreaming (Bacardi Feeling)
152,152,3,Katie Melua,If You Were A Sailboat
380,376,3,Katie Melua,The Closest Thing To Crazy
290,290,4,Katie Melua,Nine Million Bicycles
437,407,1,Katja Ebstein,Wunder gibt es immer wieder
352,352,5,katrina and the waves,walking on sunshine
338,338,4,Katy Perry,I Kissed A Girl
165,165,5,Katy Perry,Hot ‘N Cold
304,300,3,Keimzeit,Kling Klang
172,172,4,Kelly Clarkson,My Life Would Suck Without You
31,31,5,Kelly Clarkson,Because Of You
256,241,2,Kenny Loggins ,Welcome To Heartlight
46,46,4,Kenny Loggins ,Footloose
300,288,2,Kenny Rogers,"Ruby, Don't Take Your Love To Town"
11,13,3,Kenny Rogers,Coward Of The County
74,68,2,Kenny Rogers ,The Gambler
128,128,4,Keri Hilson,I Like
267,251,1,Khaled,Aicha
342,342,4,Kid Rock,All Summer Long
297,279,1,Kim Carnes,Bette Davis Eyes
399,381,1,Kim Merz,Saumäßig stark
109,109,4,Kim Wilde,Kids In America
58,58,5,Kim Wilde,Cambodia
400,396,3,Kiss,I Was Made For Lovin' You
137,137,5,Kiss,God Gave Rock 'N' Roll To You No. 2
240,238,3,KIZ,Die Sennerin vom Königsee
243,230,2,Klaus & Klaus,An der Nordseeküste
59,59,W,Klaus Hoffmann,Gatatumba
397,397,1,Klaus Lage,1000 und 1 Nacht (Zoom!)
116,116,3,Klaus Lage ,Monopoli
56,56,4,Konstantin Wecker,Genug ist nicht genug
64,64,5,Kool and the Gang,Cherish
0,36,3,Kraftwerk,The Model
34,36,3,Kraftwerk,Das Model
269,269,4,Kris Kristofferson / John Holt,Help Me Make It Through The Night
317,317,4,Kylie Minogue,I Should Be So Lucky
59,59,5,Kylie Minogue,Can't Get You Out Of My Head
52,52,4,Lady Gaga,Pokerface
307,307,4,Lady Gaga,The Edge Of Glory
7,7,5,Lady Gaga,Alejandro
296,296,5,Lady Gaga & Bradley Cooper,Shallow
164,163,3,Laid back ,Sunshine Reggae
150,150,4,Laid back ,Bakerman
6,8,3,Lale Andersen,Lili Marleen
30,30,4,Lale Andersen,Ein Schiff wird kommen
373,373,4,Lana del Rey,Video Games
206,195,2,Lara Fabian ,I Will Love Again
64,67,3,Las Ketchup,Aserej
398,394,3,Laura Branigan,Self Control
111,111,4,Laura Branigan ,Gloria
336,331,3,Le Ann Rimes,Can't Fight The Moonlight
217,217,5,LEA,Leiser
61,56,1,Led Zeppelin,Stairway To Heaven
322,322,4,Lee Greenwood,God Bless The USA
399,393,4,Lee Majors,Unknown Stuntman
226,226,4,Len,Everything At Once
250,250,4,Lena,Satellite
22,20,2,Lena Valaitis ,Johnny Blue
149,149,4,Lenny Kravitz,I'll Be Waiting
13,13,5,Lenny Kravitz,American Woman
124,124,5,Lenny Kravitz,Fly away
336,323,2,Lenny Kravitz ,Again
214,214,4,Leona Lewis,Bleeding Love
307,295,2,Leonard Cohen,First We Take Manhattan
345,330,2,Leonard Cohen,Who By Fire
405,388,2,Leonard Cohen ,Suzanne
118,118,4,Les Humphries Singers,Mexico
169,169,5,Leslie Clio,I Couldn't Care Less
374,358,2,Level 42,Lessons In Love
33,33,5,Lewis Capaldi,Before you go
311,311,5,Lewis Capaldi,Someone you loved
324,305,1,Lighthouse Family,High
51,53,3,Lightning Seeds,Three Lions 
264,264,5,Lil Mas X,Old town road
344,344,4,Lilly Allen,Not Fair
259,259,4,Limahl,The Never Ending Story
11,11,2,Limp Bizkit,Behind Blue Eyes
68,68,4,Linkin Park,Burn It Down
328,328,4,Linkin Park,Castle Of Glass
33,35,3,Lion King ,Hakuna Matata
151,141,2,Lionel Richie,Hello
144,144,3,Lionel Richie,All Night Long (All Night)
272,260,2,Lionel Richie ,Say You Say Me
375,359,2,Liquido,Narcotic
343,321,1,Live,Selling The Drama
394,378,2,Lobo,I'd Love You To Want Me
136,136,4,Lolita / Schurike,Tulpen aus Amsterdam
350,346,3,Loona,Bailando
161,161,5,Loona,Hijo de la luna
73,73,W,Loona,Hijo de la luna
276,276,4,Loreen,Euphoria
161,161,4,Los Bravos (OV); Belle Epoque,Black Is Black
163,163,4,Los del Rio,Macarena
222,211,1,Los Lobos,La Bamba
242,242,5,Lost Frequencies,Melody
171,170,3,Lotto King Karl,"Hamburg, meine (Fußball) Perle"
351,351,5,Lou Reed,Walk on the wild side
266,250,1,Louis Armstrong,What A Wonderful World
51,51,5,Louis Prima,Buona Sera
396,372,1,Lovin' Spoonful,Summer In The City
309,306,3,Lovin' Spoonful,Daydream
304,304,4,Lucenzo,Danza kuduro
407,390,2,Lucilectric,Mädchen
397,395,5,Luis Fonsi,Despacito
77,77,W,Luther Vandross,I Listen To The Bells
169,169,W,Luther Vandross,This Is Christmas
180,180,4,Lutricia McNeal,Ain' That Just The Way
277,277,4,Lykke Li,I Follow Rivers
194,183,2,Lynn Anderson ,Rose Garden
368,346,1,Lynyrd Skynyrd,Sweet Home Alabama
27,27,W,Lynyrd Skynyrd,Christmas Time Again
98,98,5,Mabel,Don't call me up
438,408,1,Madness,Our House
83,75,1,Madonna,La Isla Bonita
155,146,1,Madonna,Don't Cry For Me Argentina
264,248,1,Madonna,Frozen
420,392,1,Madonna,Like A Prayer
202,199,3,Madonna,Like A Virgin
335,330,3,Madonna,Papa Don't Preach
277,274,4,Madonna,Hung Up
239,239,5,Madonna,Material girl
185,185,4,Maggie Reilly,Every Time We Touch
14,34,2,Mamas + Papas,Monday Monday
91,83,1,Mamas and Papas,California Dreaming
117,109,1,Mamas and Papas,Dream A Little Dream Of Me
341,319,1,Man in Motion,St. Elmo's Fire
67,67,4,Mando Diao,Down In The Past
281,281,4,Mando Diao,Dance With Somebody
37,37,5,Mando Diao,Black Saturday
380,362,2,Manfred Mann ,Do Wah Diddy Diddy
130,130,3,Manfred Mann ,Ha! Ha! Said The Clown
158,158,4,Manfred Mann ,For You
376,376,4,Manfred Mann ,Blinded By The Light
84,84,5,Manfred Mann's Eath Band,Davy's on the road again
154,154,4,Manny Marc,Das geht ab! (Wir feiern die ganze Nacht)
44,44,5,Manu Chao,Bongo Bong
270,254,1,Manuela,Schuld war nur der Bossa Nova
61,63,3,Marc Almond,The Days Of Pearly Spencer
141,132,2,Marc Anthony,You Sang To Me
395,370,1,Marc Cohn,Walking In Memphis
303,303,4,Maria Mena,Just Hold Me
345,345,4,Maria Mena,All This Time
197,197,W,Mariah Carey,All I Want For Christmas Is You
413,385,1,Marianne Rosenberg,Er gehört zu mir
323,318,3,Marianne Rosenberg,Marleen
152,142,2,Marika Rökk,"Musik, Musik, Musik (Ich brauche keine Millionen)"
328,323,3,Marillion ,Kayleigh
201,198,3,Marilyn Monroe,Diamonds Are A Girl
178,178,5,Marilyn Monroe,I wanna be loved by you
52,47,2,Mario Jordan,Welch ein Tag
142,142,4,Marit Larsen,If A Song Could Get Me You
66,66,5,Mark Forster,Chöre
369,369,5,Mark Forster,Wir sind groß
132,132,4,Mark Knopfler,Sailing To Philadelphia
259,259,5,Mark Ronson & Miley Cyrus,Nothing breaks like a heart
75,69,2,Markus,Ich will Spaß
166,165,3,Markus,Kleine Taschenlampe brenn
183,183,5,Markus Becker,Ich glaub es geht schon wieder los
353,338,2,Marla Glen,Believer
105,97,1,Marlene Dietrich,Sag mir wo die Blumen sind
268,252,1,Marlene Dietrich,Ich bin von Kopf bis Fuß auf Liebe eingestellt
228,228,4,Marlon Roudette,New Age
364,364,4,Marlon Roudette,Anti Hero
318,318,4,Maroon 5,This Love
265,265,5,Marque,One To Make Her Happy
176,176,4,Marquess,El Temperamento
281,269,2,Marvin Gaye,I Heard It Through The Grapevine
252,237,1,Mary Hopkins,Those Were The Days
200,200,4,Mary J Blige,Family Affair
179,179,4,Mathou ,You Never Walk Alone
34,34,4,Matthew Wilder / Blue Lagoon,Break My Stride
71,64,1,Matthias Reim,Verdammt ich lieb dich
184,184,5,Matthias Reim,Ich hab' getraeumt von dir
2,2,5,Max Giesinger,80 Millionen
216,216,5,Max Giesinger,Legenden
359,359,5,Max Giesinger,Wenn sie tanzt
391,391,5,Max Giesinger,Zuhause
83,83,4,Max Mutzke,Can' Wait Until Tonight
206,206,5,Max Raabe,Kein Schwein ruft mich an
25,27,3,Max Werner,Rain In May
162,162,W,Maybebop,Ein neues Weihnachtslied
410,410,1,Meat Loaf,I'd do anything for love (but I won't do that)
404,398,4,Meat Loaf ,Bat Out Of Hell
202,202,W,Meghan Trainor,I'll Be Home
107,99,2,Mel C,I Turn To You
408,392,2,Mel C,Never Be The Same Again
130,130,4,Melanie ,Lay Down (Candles In The Rain)
178,175,3,Melanie C,First Day Of My Life
135,135,4,Melanie C,The Moment You Believe
231,219,1,Melissa Etheridge,Bring Me Some Water
250,236,1,Melissa Etheridge,Like The Way I Do
355,334,1,Men at work,Down Under
335,315,1,Meredith Brooks,Bitch
60,55,1,Metallica,Nothing Else Matters
264,251,2,Metallica,The Unforgiven
141,141,3,Metallica,Mama Said
200,191,1,Michael Holm,Tränen lügen nicht
201,192,1,Michael Holm,Mendocino
432,402,1,Michael Holm,Wart' auf mich
69,64,2,Michael Holm ,El Lute
290,278,2,Michael Holm ,Lucille
65,58,1,Michael Jackson,Earth Song
199,196,3,Michael Jackson,Bad
40,40,4,Michael Jackson,Dirty Diana
41,41,4,Michael Jackson,Billie Jean
129,129,4,Michael Jackson,Smooth Criminal
294,294,4,Michael Jackson,Beat It
377,377,4,Michael Jackson,Man In The Mirror
126,126,4,Michael Wendler,Sie liebt den DJ
43,43,4,Micheal learns to rock,25 Minutes
165,165,4,Michel Telo,Ai se eu te pego
101,93,2,Micki Krause ,Zehn nackte Friseusen
178,178,4,Mickie Krause,"Schatzi, schenk mir ein Foto"
71,74,3,Middle Of The Road,Chirpy Chirpy Cheep Cheep
397,381,2,Midnight Oil,Beds Are Burning
174,174,4,Mika,Relax (Take It Easy)
62,62,4,Mike & the Mechanics ,Another Cup Of Coffee
146,146,4,Mike & the Mechanics ,The Living Years
191,218,3,Mike Batt,Ride To Agadir
118,118,3,Mike Krüger,Der Nippel
127,127,4,Mike Krüger,"Mein Gott, Walther"
156,156,4,Mike Krüger,Bodo mit dem Bagger
132,125,1,Mike Oldfield,Moonlight Shadow
91,92,3,Mike Oldfield,Shadow On The Wall
183,183,4,Mike Oldfield,To France
320,320,5,Milky Chance,Stolen Dance
112,112,3,Milli Vanilli,Girl You Know It
135,135,5,Milli Vanilli,Girl I'm Gonna Miss You
280,280,4,Milow,Ayo Technology
308,308,4,Milow,You And Me(In My Pocket)
309,309,4,Milow,You Don't Know
311,308,3,Moby,Why Does My Heart Feel So Bad?
234,222,1,Modern Talking,You're My Heart You're My Soul
213,210,3,Modern Talking,Cheri Cheri Lady
78,78,5,Montanara Chor,Das Badner Lied
371,355,2,Monty Python,Always Look On The Bright Side Of Life
430,400,1,Mr Big,To Be With You
291,279,2,Mr. Mister ,Broken Wings
117,117,W,Mud,Lonely This Christmas
225,225,4,Mumford & Sons,I Will Wait
402,384,2,Münchner Freiheit,Ohne dich (schlaf ich heut Nacht nicht ein)
369,365,3,Münchner Freiheit,Solang
321,321,4,Murray Head,One Night In Bangkok
201,201,W,N'Sync,I Don't Wanna Spend One More Christmas Without You
74,74,W,Naima,Himmelskinder
200,200,5,Namika,Je ne parle pas francais
221,221,5,Namika,Lieblingsmensch
51,51,4,Nana Mouskouri,Guten Morgen Sonnenschein
391,373,2,Nana Mouskuri,Weiße Rosen aus Athen
114,114,4,Nancy Sinatra,Summerwine
164,164,W,Nat King Cole,The Christmas Song
357,336,1,Natalie Imbruglia,Torn
115,115,4,Natasha Bedingfield,Soulmate
158,157,3,Natural,Put Your Arms Around Me
323,304,1,Nazareth,Dream On
354,333,1,Nazareth,Love Hurts
439,410,1,Neil Diamond,I Am I Said
113,105,2,Neil Diamond,Sweet Caroline
362,345,2,Neil Diamond,"Girl, You'll Be A Woman Soon"
252,250,3,Neil Diamond,Song Sung Blue
182,182,4,Neil Diamond,Beautiful Noise
195,195,W,Neil Diamond,You Make It Feel Like Christmas
150,150,5,Neil Young,Heart of gold
224,224,5,Neil Young,Like a hurricane
68,63,2,Nek,Laura Non C’è
210,210,4,Nelly Furtado,I'm Like A Bird
213,213,4,Nelly Furtado,Manos Al Aire
310,310,4,Nelly Furtado,All Good Things (Come To An End)
2,2,1,Nena,Leuchtturm
110,102,1,Nena,99 Luftballons
190,181,1,Nena,"Irgendwie, irgendwo, irgendwann"
181,169,2,Nena,Nur geträumt
305,301,3,Nena,Liebe ist
162,162,4,Nena,In meinem Leben
166,166,4,Nena,Fragezeichen
75,75,W,Nena,"Hurra, es schneit"
177,177,4,Nevio,Amore per sempre
184,174,1,New Model Army ,51st State
299,287,2,New Model Army ,Ballad
422,394,1,Nick Cave,Where the Wild Roses Grow
160,160,4,Nick Straker Band,A Walk In The Park
286,271,1,Nickebocker und Biene,Zurück zu dir (Hallo Klaus)
69,72,3,Nickelback,How You Remind Me
199,199,4,Nickelback,Rockstar
358,358,4,Nickelback,If Everyone Cared
358,358,5,Nicki,Wenn i mit Dir tanz
110,110,5,Nicky Jam,El Perdón
381,358,1,Nico Haak,Schmidtchen Schleicher
258,256,3,Nicole,"Flieg nicht so hoch, mein kleiner Freund"
251,238,2,Nicole ,Ein bisschen Frieden
227,214,2,Niemann,Im Osten
250,248,3,Nik Kershaw,Wouldn’t It Be Good
98,99,3,Nina & Mike,Fahrende Musikanten
316,313,3,Nina Hagen,Du hast den Farbfilm vergessen
251,251,5,Nina Simone,My baby just cares for me
304,286,1,Nino de Angelo,Jenseits von Eden (Guardian Angel)
356,352,3,Nirvana ,Come As You Are
193,193,5,Nits,In the Dutch mountains
1,1,2,No Angels,Daylight In Your Eyes
384,383,4,No Angels / Eurythmics,There Must Be An Angel
175,175,4,Norah Jones,Don't Know Why
101,101,4,Norman Greenbaum ,Spirit In The Sky
44,42,2,Oasis,Don't Look Back In Anger
267,255,2,Oasis,Wonderwall
323,309,2,Oasis,Stand By Me
389,386,4,Of monsters and men,Little Talks
103,95,2,Ohio Express ,"Yummy, Yummy, Yummy"
231,231,4,Olaf Henning,Cowboy und Indianer
113,113,5,OMD,Enola gay
232,232,5,OMD,Maid of Orleans / Joan of Arc
63,63,5,Omi,Cheerleader
29,29,W,One Republic,Christmas Without You
209,209,4,OneRepublic,Marchin On
215,215,4,OneRepublic,If I Lose Myself
362,362,4,OneRepublic,Stop And Stare
363,363,4,OneRepublic,All The Right Moves
412,406,4,OneRepublic,Counting Stars
138,138,5,OneRepublic,Good Life
369,369,4,Oomph!,Augen auf!
107,99,1,Opus,Live Is Life
173,173,4,Orange Blue,She's got that light
142,135,1,Otis Redding,Sittin' On The Dock Of The Bay
408,404,3,Ozzy Osbourne,Dreamer
73,73,5,P!nk,Cover me in sunshine
317,305,2,Paola ,Der Teufel und der junge Mann
350,335,2,Paper Lace ,The Night Chicago Died
227,227,4,Passenger,Let Her Go
80,71,1,Pat Benatar,We Belong
10,12,3,Pat Benatar,Love Is A Battlefield
29,31,3,Patrick Swayze,She's Like The Wind
203,203,4,Paul Anka,Diana
146,139,1,Paul Kuhn,Es gibt kein Bier auf Hawaii
54,54,4,Paul McCartney,Hope Of Deliverance
193,193,W,Paul McCartney,Wonderful Christmastime
314,296,1,"Paul McCartney, Wings",Mull Of Kintyre
295,295,4,"Paul McCartney, Wings",Live And Let Die
319,317,2,Paul Simon,Graceland
40,42,3,Paul Young,Love Of The Common People
70,70,5,Paul Young,Come Back And Stay
139,73,2,Paula Cole,Where Have all The Cowboys Gone?
394,390,3,Pe Werner,Kribbeln im Bauch
196,196,4,Pearl Jam,Alive
141,141,4,Pedarnig,Dem Land Tirol die Treue
182,172,1,Percy Sledge,When A Man Loves A Woman
91,91,W,Perry Como,It's Beginning To Look Like Christmas
105,97,1,Pete Seeger,Where have all the Flowers gone?
278,262,1,Peter Alexander,Die kleine Kneipe
185,175,1,Peter Cetera,Glory Of Love
97,98,3,Peter Cornelius,Du entschuldige i kenn di
217,214,3,Peter Cornelius,Der Kaffee ist fertig
35,35,5,Peter Gabriel,Biko
100,100,5,Peter Gabriel,Don't give up
308,308,5,Peter Gabriel,Solsbury Hill
224,222,3,Peter Kraus ,Sugar Baby
196,187,1,Peter Maffay,Und es war Sommer
197,188,1,Peter Maffay,Über sieben Brücken musst du gehen
338,327,2,Peter Maffay,Du hattest keine Tränen mehr
97,97,4,Peter Maffay,Nessaja
16,16,W,Peter Maffay,Backen für den Weihnachtsmann
45,47,3,Peter Maffay ,Tiefer
301,297,3,Peter Maffay ,So bist du
135,128,1,Peter Paul and Mary,Puff The Magic Dragon
195,186,1,Peter Rubin,Wir zwei fahren irgendwohin
99,99,W,Peter Rubin,Kalenderlied
300,282,1,Peter Schilling,Major Tom
117,117,3,Peter Schilling,Terra Titanic
189,180,1,Petula Clark,Downtown
144,144,5,Pharrell Williams,Happy
94,86,1,Phil Collins,A Groovy Kind Of Love
6,6,2,Phil Collins,In The Air Tonight
64,58,2,Phil Collins,One More Night
56,60,2,Phil Collins,Against All Odds
130,120,2,Phil Collins,Another Day In Paradise
378,378,5,Phil Collins,You can't hurry love
82,82,5,Philipp Dittberner,Das ist dein Leben
370,370,5,Philipp Dittberner & Marv,Wolke 4
28,30,3,Pink,Family Portrait
101,110,3,Pink,Dear Mr. President
134,134,4,Pink,Sober
205,205,4,Pink,Who Knew?
240,240,4,Pink,U And Ur Hand
241,241,4,Pink,Try
248,248,4,Pink,Just Like A Pill
339,339,4,Pink,Just Give Me A Reason
372,372,4,Pink,So What
129,129,5,Pink,Fucking perfect
217,206,1,Pink Floyd,Another Brick In The Wall Part II
159,258,3,Pink Floyd ,Wish You Were Here
371,367,3,Pink Floyd ,Comfortably Numb
74,74,4,Pink Floyd ,Mother
119,119,3,Pink Panther ,Wer hat an der Uhr gedreht?
84,86,3,Plain white T's ,Hey There Delilah
42,42,4,Plastic Ono Band / John Lennon,Give Peace A Chance
356,335,1,Poison,Every Rose Has Its Thorn
245,245,4,Polarkreis 18,Allein allein
395,391,3,Prince,Purple Rain
105,105,4,Prince,Kiss
372,349,1,Procol Harum,A Whiter Shade Of Pale
80,80,5,Puhdys,Das Buch
159,159,5,Puhdys,Hey wir wolln die Eisbaern sehn
161,160,3,Puhdys ,Alt wie ein Baum
90,83,2,Pulp ,Disco 2000
316,303,1,Pur,Drachen sollen fliegen
142,142,5,Pur,Hab mich wieder mal an Dir betrunken
238,254,2,Pur ,Indianer
244,242,3,Pur ,Abenteuerland
264,262,3,Pur ,Ein graues Haar
376,372,3,Pur ,Lena
346,346,5,Purple Schulz,Verliebte Jungs
361,344,2,Purple Schulz ,Sehnsucht
34,32,1,Queen,Bohemian Rhapsody
78,69,1,Queen,Another One Bites The Dust
384,371,1,Queen,Who Wants To Live Forever
248,235,2,Queen,A Kind Of Magic
100,101,3,Queen,The Show Must Go On
179,178,3,Queen,Crazy Little Thing Called Love
309,309,5,Queen,Somebody To Love
401,397,5,Queen,Don't stop me now
62,56,2,Queen ,Radio Ga Ga
32,34,3,Queen ,Friends Will Be Friends
194,191,3,Queen ,We Are The Champions
160,150,2,R Kelly,I Believe I Can Fly
194,194,W,R Kelly,World Christmas
272,272,4,R. Kelly,The World
108,108,4,Radiohead,Creep
46,46,5,Rainald Grebe,Brandenburg
401,397,3,Rainbirds,Blueprint
89,90,3,Rainhard Fendrich,I Am From Austria
185,184,3,Rainhard Fendrich,Weus´d a Herz hast wia a Bergwerk
193,193,4,Rainhard Fendrich,Tango Korrupti
300,296,3,Rainhard Fendrich ,Es lebe der Sport
339,334,3,Rainhard Fendrich ,Macho Macho
61,61,4,Ralf Paulsen / Johnny Cash,Bonanza
48,44,1,Ralph Mc Tell,Streets Of London
3,5,3,Ram Jam,Black Betty
90,90,5,Rammstein,Deutschland
112,112,5,Rammstein,Engel
84,76,1,Ray Charles,Hit The Road Jack
379,379,4,Razorlight,Wire To Wire
198,198,5,Rea Garvey,It's A Good Life
262,262,5,Rea Garvey,Oh My Love
242,229,2,Reamonn,Supergirl
359,359,4,Reamonn,Josephine
360,360,4,Reamonn,Through The Eyes Of A Child
361,361,4,Reamonn,Tonight
153,153,3,Red hot Chili Peppers,Under The Bridge
167,166,3,Red hot Chili Peppers,Californication
306,302,3,Red hot Chili Peppers,Otherside
260,158,3,Rednex,Wish You Were Here
259,257,3,Rednex,Cotton Eye Joe
366,366,4,Rednex,The Spirit Of The Hawk
9,9,1,Reinhard Mey,Über den Wolken
122,115,1,Reinhard Mey,"Gute Nacht, Freunde"
87,88,3,Reinhard Mey,Ich bin Klempner von Beruf
151,151,3,Reinhard Mey,Keine ruhige Minute
235,235,4,Reinhard Mey,Wie vor Jahr und Tag
401,394,4,Reinhard Mey,Antrag auf Erteilung eines Antragformulars
234,234,4,Relax,Weil i di mog
104,103,3,REM,It's The End Of The World
170,169,3,REM,Losing My Religion
269,267,3,REM,Everybody Hurts
352,348,3,REM,Drive
386,382,3,REM,The One I Love
66,66,4,REM,Man On The Moon
16,18,3,Reo Speedwagon,Can’t Fight This Feeling
186,186,5,Revolverheld,Ich lass für dich das Licht an
219,219,5,Revolverheld,Liebe auf Distanz
204,195,1,Rex Gildo,Fiesta Mexicana
9,11,3,Richard Marx,Right Here Waiting
278,278,5,Richard Sanderson,Reality
370,370,4,Rick Astley,Never Gonna Give You Up
290,273,1,Ricky Martin,Livin‘ la vida loca
243,243,4,Ricky Martin,Private Emotion
242,242,4,Ricky Martin & Christina Aguilera,Nobody Wants To Be Lonely
313,310,3,Righeira,Vamos A La Playa
275,275,4,Rihanna,California King Bed
314,314,4,Rihanna,Stay
393,389,4,Rihanna,Unfaithful
127,120,1,Rio Reiser,König von Deutschland
7,7,2,Rio Reiser ,Junimond
312,309,3,Rob Thomas ,Little Wonders
30,32,3,Robbie Williams,She's Madonna
105,104,3,Robbie Williams,She's The One
155,155,3,Robbie Williams,Come Undone
262,260,3,Robbie Williams,Advertising Space
402,398,3,Robbie Williams,Feel
204,204,4,Robbie Williams,Shame
252,252,4,Robbie Williams,Let Me Entertain You
253,253,4,Robbie Williams,Sexed Up
354,354,4,Robbie Williams,Rock DJ
95,86,2,Robbie Williams ,Something Stupid
156,146,2,Robbie Williams ,Angels
260,247,2,Robbie Williams ,Supreme
133,126,1,Robert Burns,Nehmt Abschied Brüder
125,125,4,Robert Palmer,"Doctor Doctor, Gimme The News"
289,272,1,Roberta Flack,Killing Me Softly With His Song
327,313,2,Roberto Blanco,Ein bisschen Spaß muss sein
52,54,3,Roberto Blanco,Der Puppenspieler von Mexiko
332,327,3,Robin Beck,First Time
125,125,3,Robin Gibb,Juliet
276,276,5,Robin Schulz,Prayer In C
102,102,4,Rocco Granata (Will Brandes),Marina
310,310,5,Rockwell,Somebody's watching me
261,247,1,Rocky Horror Picture Show,The Time Warp
308,294,1,Rocky Horror Picture Show,Science Fiction - Double Feature
122,122,3,Rocky Sharpe,Ramalama ding dong
64,57,1,Rod Stewart,Sailing
148,148,5,Rod Stewart,Have I told you lately
157,156,3,Rod Stewart ,The First Cut Is The Deepest
247,247,4,Rod Stewart ,Waltzing Matilda (Tom Traubert
192,192,4,Rodgau Monotones,Die Hesse komme
382,378,3,Roger Cicero,Zieh die Schuh aus
321,307,2,Roger Miller ,King Of The Road
207,196,2,Roland Kaiser,Sieben Fässer Wein
421,403,2,Roland Kaiser,Manchmal möchte ich schon mit dir
89,82,2,Roland Kaiser ,Santa Maria
369,353,2,Roland Kaiser ,Dich zu lieben
238,238,4,Roland Kaiser ,Joana
81,81,W,Rolf Krenzer,Ich wollt´ ich wär der Nikolaus
35,35,W,Rolf Zuckowski,Dezemberträume
50,50,W,Rolf Zuckowski,Es schneit
64,64,W,Rolf Zuckowski,Guten Tag Ich bin der Nikolaus
87,87,W,Rolf Zuckowski,In der Weihnachtsbäckerei
190,190,W,Rolf Zuckowski,Winterkinder
54,50,1,Rolling Stones,Angie
349,328,1,Rolling Stones,As Tears Go By
385,381,3,Rolling Stones,Route 66
409,405,3,Rolling Stones,Anybody Seen My Baby?
314,314,5,Roman Lob,Standing still
268,268,4,Ronan Keating ,When You Say Nothing At All
64,64,4,Rose Laurens,Africa
333,333,4,Rosenstolz,Gib mir Sonne
375,375,4,Rosenstolz,Liebe ist alles
386,384,4,Rosenstolz,Ich bin ich
395,390,4,Rosenstolz,Wir sind am Leben
29,29,5,Rosenstolz,Beautiful
212,212,5,Rosenstolz,Laut
328,309,1,Roxette,It Must Have Been Love
374,351,1,Roxette,Queen Of Rain
421,393,1,Roxette,Spending My Time
22,24,3,Roxette,Milk And Toast And Honey
263,261,3,Roxette,Listen To Your Heart
335,335,5,Roxette,The look
90,90,4,Roxy Music,Avalon
206,206,4,Roxy Music,Jealous Guy
207,207,4,Roxy Music,Oh Yeah
248,248,5,Roxy Music,More than this
180,180,W,Roy Black,Weihnachten bin ich zu Haus
302,298,3,Roy Black & Anita,Schön ist es auf der Welt zu sein
115,107,2,Roy Orbison,Oh Pretty Woman
53,53,5,Roy Orbison,California Blue
379,379,5,Roy Orbison,You got it
322,322,5,Rubettes,Sugar Baby Love
172,171,3,Rudi Carrell,Wann wird's mal wieder richtig Sommer
353,332,1,Rudi Schuricke,Capri-Fischer
191,191,4,Rumpelstilz,Kiosk
228,228,5,Runrig,Loch Lomond
306,306,5,Sade,Smooth Operator
217,217,4,Saga,Wind Him Up
1,1,3,Sailor ,"Girls, Girls, Girls"
5,7,3,Sam Brown,Stop
77,77,5,Sam Smith,Dancing with a stranger
317,317,5,Sam Smith,Stay With Me
215,212,3,Sandra,Maria Magdalena
403,376,1,Santa Esmeralda,Don't Let Me Be Misunderstood
236,236,5,Santana,Maria Maria
55,51,2,Santana ,Smooth
141,141,5,Santiano,Gott muss ein Seemann sein
292,292,5,Santiano,Santiano
328,328,5,Santiano,Tanz mit mir
118,118,W,Sara Bareilles,Love Is Christmas
334,329,3,Sarah Brightman ,Time To Say Goodbye
426,405,2,Sarah Connor,From Sarah With Love
17,17,5,Sarah Connor,Anorak
32,32,5,Sarah Connor,Bedingungslos
83,83,5,Sarah Connor,Das Leben ist schön
347,347,5,Sarah Connor,Vincent
368,368,5,Sarah Connor,Wie schön du bist
198,198,W,Sarah Connor,Christmas In My Heart
185,174,2,Sascha,I Feel Lonely
425,409,1,Sasha,We Can Leave The World
373,369,3,Sasha,Lucky Day
381,377,3,Sasha,If You Believe
225,212,2,Savage Garden,Truly Madly Deeply
68,71,3,Savage Garden,To The Moon And Back
284,269,1,Scarlet,An Independent Love Song
347,347,4,Schnappi,"Schnappi, das kleine Krokodil"
346,346,4,Schnuffel,Kuschelsong
123,303,2,Schweizer ,13 Tage
223,223,4,Scissor Sisters,I Don't Feel Like Dancin'
41,42,1,Scorpions,Wind Of Change
81,73,1,Scorpions,Daddy's Girl
90,82,1,Scorpions,Holiday
116,108,1,Scorpions,When The Smoke Is Going Down
140,133,1,Scorpions,Still Loving You
397,373,1,Scorpions,You And I
75,75,4,Scorpions,Send Me An Angel
94,94,4,Scorpions,Rock You Like A Hurricane
256,256,5,Scorpions,No one like you
137,130,1,Scott McKenzie,San Francisco
87,80,2,Seal,Kiss From A Rose
77,79,3,Searchers,Needles And Pins
45,43,2,Selig,Ohne dich
255,255,4,Serge Gainsbourg,"Je t’aime, moi non plus"
150,150,3,Sesamstraße,Máhná máhná
304,292,2,Shakespears sister,Stay
364,347,2,Shakespears sister,Hello ( Turn Your Radio On)
123,123,3,Shakin' Stevens,This Ole House
79,380,2,Shakira,"Whenever, Wherever"
222,220,3,Shakira,The One
377,373,3,Shakira,Underneath Your Clothes
212,212,4,Shakira,Waka Waka
55,55,4,Shania Twain,Ka-Ching
329,329,5,Shania Twain,That don’t impress me much
39,39,4,Shannon ,Let The Music Play
319,319,5,Shawn Mendes,Stitches
184,183,3,Sheena Easton,Morning Train (Nine To Five)
173,164,1,Sheldon Secunda,Dona Dona Dona
321,321,5,Sheryl Crow,Strong Enough
71,71,W,Showaddywaddy,Hey Mister Christmas
283,283,4,Silbermond,Himmel auf
285,285,4,Silbermond,Irgendwas bleibt
374,374,4,Silbermond,Symphonie
387,385,4,Silbermond,Das Beste
254,254,5,Silbermond,Nichts passiert
19,18,1,Simon & Garfunkel,The Boxer
22,20,1,Simon & Garfunkel,Bridge Over Troubled Water
39,36,1,Simon & Garfunkel,Mrs. Robinson
139,132,1,Simon & Garfunkel,The Sound Of Silence
366,344,1,Simon & Garfunkel,Scarborough Fair / Canticle
65,59,2,Simon & Garfunkel,50 Ways To Leave Your Lover
19,21,3,Simon & Garfunkel,A Hazy Shade Of Winter
94,85,2,Simon & Garfunkel ,I Am A Rock
195,184,2,Simon & Garfunkel ,El Condor Pasa
296,284,2,Simon & Garfunkel ,Homeward Bound
332,319,2,Simon & Garfunkel ,Cecilia
96,88,1,Simple Minds,Don‘t You Forget About Me
96,87,2,Simple minds,Belfast Child
270,270,4,Simply Red,If You Don’t Know Me By Now
59,53,2,Sinead O' Connor,Nothing Compares 2 U
320,317,3,Sister Act ,I Will Follow Him
189,188,3,Sister Act / Mary Wells,My Guy
269,253,1,Siw Malmkvist,Liebeskummer lohnt sich nicht
404,400,3,Sixpence none the richer,Kiss Me
202,191,2,Skunk Anansie,Hedonism
242,230,1,Slade,Far Far Away
364,341,1,Slade,My Oh My
199,199,5,Small Faces,Itchycoo Park
214,214,5,Small Faces,Lazy Sunday
275,259,1,Smokie,Lay Back In The Arms Of Someone
277,261,1,Smokie,Living Next Door To Alice
363,359,3,Smokie,Don’t Play Your Rock‘n’roll To Me
125,125,5,Smokie,For a few Dollars more
12,14,3,Sniff 'n the tears,Driver's Seat
219,219,4,Snow patrol,Chasing Cars
41,41,2,Sofaplanet,Liebficken
257,257,4,Soft Cell,Tainted Love
187,187,4,Söhne Mannheims,Und wenn ein Lied
406,400,4,Söhne Mannheims,Das hat die Welt noch nicht gesehen
257,255,3,Sonny & Cher ,I Got You Babe
6,6,1,Soul Asylum,Runaway Train
67,60,1,Soundgarden,Black Hole Sun
370,348,1,Spandau Ballett,Through The Barricades
378,378,4,Spandau Ballett ,True
282,270,2,Spice Girls,Wannabe
370,354,2,Spice Girls,Viva Forever
111,103,1,Spider Murphy Gang,Skandal im Sperrbezirk
112,104,1,Spider Murphy Gang,Schickeria
276,274,3,Spider Murphy Gang,Wo bist du?
314,311,3,Spider Murphy Gang,Pfüati Gott Elisabeth
188,188,5,Spider Murphy Gang,Ich schau di an
66,61,2,Spin Doctors,Two Princes
209,198,2,Spliff ,Carbonara
50,52,3,Sportfreunde Stiller,"54, 74, 90, 2010"
237,237,4,Sportfreunde Stiller,"Applaus, Applaus"
332,332,4,Sportfreunde Stiller,Ein Kompliment
76,72,1,Stan Ridgway,Camouflage
156,147,1,Statler Brothers,Flowers On The Wall
136,129,1,Status Quo,Rockin‘ All Over The World
188,179,1,Status Quo,You‘re In The Army Now
362,362,5,Status Quo,Whatever You Want
310,291,1,Stefan Raab,Maschen-Draht-Zaun
388,388,5,Stefan Waggershausen,Zu nah am Feuer
267,267,4,Stefanie Heinzmann,Diggin’ In The Dirt
39,41,3,Stephan Remmler,Keine Sterne in Athen
31,31,W,Stephen Janetzko,Das Licht einer Kerze 
351,330,1,Steppenwolf,Born To Be Wild
93,93,5,Stereoact,Die immer lacht
30,28,2,Steve Goodman,City Of New Orleans
369,347,1,Steve Miller Band,The Joker
180,179,3,Steve Miller Band,Abracadabra
30,30,5,Stevie B,Because I Love You
270,270,5,Stevie Wonder,Part Time Lover
154,154,W,Stevie Wonder,Someday At Christmas
184,184,W,Stevie Wonder,What Christmas Means To Me
129,119,2,Stevie Wonder ,I Just Called To Say I Love You
7,9,3,Stevie Wonder ,You Are The Sunshine Of My Life
145,145,5,Stevie Wonder ,Happy Birthday
359,338,1,Stiltskin,Inside
269,257,2,Sting,Russians
420,402,2,Sting,So Lonely
126,126,5,Sting,Fragile
118,108,2,Sting ,Desert Rose
138,128,2,Sting ,Fields Of Gold
286,274,2,Sting ,An Englishman In New York
101,93,1,STS,Fürstenfeld
76,70,2,STS,Großvater
140,131,2,STS,Und irgendwann bleib i dann dort
386,368,2,STS,Überdosis G'fühl
76,76,4,Styx,Boat On The River
345,341,3,Sunrise avenue,Fairytale Gone Bad
278,278,4,Sunrise Avenue,Hollywood Hills
79,70,1,Supertramp,Breakfast In America
293,276,1,Supertramp,Logical Song
293,276,1,Supertramp,The Logical Song
326,307,1,Supertramp,Give A Little Bit
383,360,1,Supertramp,School
54,50,2,Survivor,Eye Of The Tiger
198,198,4,Survivor ,Burning Heart
347,325,1,Susan Sarandon,"Touch-A, Touch-A, Touch-Me"
273,273,4,Sutherland brothers,Arms Of Mary
251,249,3,Suzanne Vega,Tom's Diner
273,261,2,Suzanne Vega ,Luka
389,371,2,Sweet,Ballroom Blitz
406,402,3,T Rex ,Get It On
10,10,5,T.A.T.U.,All The Things She Said
108,107,3,T'Pau,China In Your Hand
155,155,4,Taio Cruz,There She Goes
355,355,4,Taio Cruz,Hangover
404,377,1,Take That,Babe
63,66,3,Take That,Back For Good
212,207,3,Take That,Patience
436,406,1,Talk Talk,Such A Shame
258,258,4,Talk Talk / No doubt,It's My Life
63,63,4,Talking heads,Road To Nowhere
31,29,2,Tanita Tikaram ,Twist In My Sobriety
120,120,4,Tasmin Archer ,Sleeping Satellite
107,107,4,Taylor Dayne,Tell It To My Heart
140,140,5,Taylor Swift,Gorgeous
240,240,5,Taylor Swift,Me!
302,302,5,Tears For Fears,Shout
313,313,5,Tears For Fears,Sowing the seeds of love
411,407,3,Tears for Fears (Michael Andrews feat. Gary Jules),Mad World
26,24,2,Ten Sharp,You
303,303,5,Terence Trent d'Arby,Sign your name
367,345,1,Terry Jacks,Seasons In The Sun (Le Moribond)
288,276,2,Texas,Summer Son
139,139,3,Texas Lightning,No No Never
323,323,5,The archies,Sugar sugar
114,114,W,The Beach Boys,Little Saint Nick
124,124,3,The Beach Boys ,Barbara Ann
169,168,3,The Beach Boys ,Sloop John B.
281,279,3,The Beautiful South,Song For Whoever
101,101,5,The Beautiful South,Don't Marry Her
230,217,2,The Blue Diamonds ,Ramona
348,326,1,The Blues Brothers,Everybody Needs Somebody To Love
132,132,5,The Boss Hoss,Geronimo
99,99,5,The Bosshoss,Don't gimme that
103,103,5,The BossHoss,Dos Bros
201,201,5,The Bosshoss,Jolene
319,319,4,The Calling,Wherever You you will go
312,312,5,The chainsmokers & Coldplay,Something just like this
225,223,3,The Chordettes,Lollipop
271,269,3,The Chordettes,Mr. Sandman
98,98,4,The Clash,Should I Stay Or Should I Go?
57,57,5,The Common Linnets,Calm After The Storm
205,194,2,The Corrs,Breathless
365,342,1,The Cranberries,No Need To Argue
125,118,1,The Cream,White Room
341,326,2,The Cure,Boys Don't Cry
15,17,3,The Cure,Friday I'm in Love
209,206,3,The Cure,The Lovecats
327,322,3,The Dandy Warhols,Bohemian Like You
25,25,W,The Darkness,Christmas Time (Don't Let The Bells End)
192,192,5,The Dixie Cups,Iko Iko
301,301,4,The Drifters,Under The Boardwalk
338,338,5,The Dubliners,The wild rover
41,43,3,The Edwin Hawkins Singers,Oh Happy Day
137,137,W,The Edwin Hawkins Singers,Oh Happy Day
349,349,5,The Everly Brothers,Wake up little Susie
60,60,5,The four seasons,Can't take my eyes off you
348,344,3,The goo goo dolls,Iris
181,180,3,The Hollies,"He Ain’t Heavy, He’s My Brother"
412,408,3,The Hollies,The Air That I Breathe
29,27,1,The Hooters,All You Zombies
243,231,1,The Hooters,Johnny B
377,354,1,The Hooters,Satellite
102,102,5,The Human League,Don't you want me
140,140,3,The Kelly Family,An Angel
249,247,3,The Kelly Family,Nanana
79,79,4,The Kelly Family,Fell In Love With An Alien
138,138,W,The Kelly Family,One More Happy Christmas
389,385,3,The Killers ,Read My Mind
288,288,4,The Killers ,Human
53,49,1,The Kinks,Death Of A Clown
82,74,1,The Kinks,Lola
367,363,3,The Kinks,Sunny Afternoon
381,381,5,The Kinks,You Really Got Me
299,295,3,The McCoys ,Hang On Sloopy
247,245,3,The Monkees,Daydream Believer
372,368,3,The Monkees,I'm A Beliver
318,298,1,The Moody blues,Nights In White Satin
98,89,2,The Pogues,Dirty Old Town
214,214,W,The Pogues,Fairytale Of New York
129,129,3,The Police,Every Breath You Take
216,216,4,The Police,Every Little Thing She Does Is Magic
245,245,5,The Police,Message In A Bottle
353,353,5,The Police,Walking On The Moon
103,103,4,The Police ,Roxanne
91,90,2,The Rasmus,In The Shadows
384,384,5,The Real Thing,You to me are everything
340,340,5,The Righteous Brothers,Unchained Melody
226,226,5,The rolling stones,Living in a ghost town
399,395,3,The Searchers,Sweets For My Sweet
202,202,4,The Shangri-Las ,Leader Of The Pack
28,28,4,The Shorts,Comment ça va
26,26,W,The smashing pumpkins,Christmastime
165,156,1,The Stranglers,Golden Brown
110,110,4,The supremes ,Stop In The Name Of Love
164,164,4,The sweet,Love Is Like Oxygen
113,113,3,The Temptations,Papa Was A Rollin' Stone
137,137,4,The Tokens,The Lion Sleeps Tonight
351,347,3,The Tremeloes ,Silence Is Golden
336,336,5,The Walker Brothers,The sun ain’t gonna shine anymore
119,109,2,The who ,Pinball Wizard
312,312,4,Thelma Houston / Communards,Don't Leave Me This Way
360,280,2,Them,It's All Over Now Baby Blue
379,356,1,Thin Lizzy,Whiskey In The Jar
210,208,3,Thomas D,Rückenwind
13,15,3,Thommie Bayer ,Der letzte Cowboy
121,121,3,Three doors down,Here Without You
279,277,3,Tic Tac Toe,Warum?
53,53,4,Tim Bendzko,Nur noch kurz die Welt retten
208,208,5,Tim Bendzko,Keine Maschine
342,342,5,Tim Bendzko & Cassandra Steen,Unter die Haut
85,87,3,Timbaland presents One Republic,Apologize
99,99,4,Timmy T ,One More Try
184,184,4,Tina Charles,I Love To Love
145,134,2,Tina Turner,We Don't Need Another Hero
403,386,2,Tina Turner,What's Love Got To Do With It
332,332,5,Tina Turner,The best
104,96,2,Tina Turner ,Private Dancer
95,95,4,Tina Turner ,Notbush City Limits
152,152,5,Tobee,Helikopter 117
249,249,4,Tobias Regner,I Still Burn
160,160,5,Tocotronic,Hi Freaks
410,404,4,Tokio Hotel,Durch den Monsun
279,267,2,Tom Jones,Sex Bomb
273,271,3,Tom Jones,Mama Told Me Not To Come
358,354,3,Tom Jones,She's A Lady
85,85,5,Tom Jones,Delilah
127,127,5,Tom Petty,Free Fallin'
195,195,5,Tom Petty,Into The Great Wide Open
215,215,5,Tom Walker,Leave a light on
408,382,1,Toni Braxton,Unbreak My Heart
299,299,4,Toni Braxton,Spanish Guitar
208,199,1,Toni Holiday,Tanze Samba mit mir
142,142,3,Tony Carey,A Room With A View
324,319,3,Tony Christie ,Amarillo
218,215,3,Torfrock,Beinhart
16,14,2,Toto,Africa
356,356,4,Toto ,Hold The Line
378,355,1,Toto Cotugno,L'Italiano
254,239,1,Toy dolls,Nellie The Elephant
154,145,1,Traditionell,What Shall We Do With A Drunken Sailor
161,152,1,Traditionell,Tom Dooley
162,153,1,Traditionell,My Bonnie Is Over The Ocean
164,155,1,Traditionell,Die Gedanken sind frei
391,366,1,Traditionell,Drunt in der gr
433,403,1,Traditionell,Oh Susanna
3,3,2,Traditionell,Greensleeves
114,106,2,Traditionell,Gaudeamus igitur
159,149,2,Traditionell,Das Kufsteiner Lied - Die Perle Tirols
208,197,2,Traditionell,Michael Row The Boat Ashore
224,211,2,Traditionell,Kumbaya
213,218,2,Traditionell,La Cucaracha
298,286,2,Traditionell,We Shall Overcome
313,301,2,Traditionell,Bella Ciao
368,351,2,Traditionell,Die Affen rasen durch den Wald
390,372,2,Traditionell,Go Down Moses
327,327,5,Traditionell,Swing Low Sweet Chariot
197,197,4,Train,Drive By
170,170,4,Trans-X,Living On Video
9,9,2,Travis,Sing
335,322,2,Travis,Why Does It Always Rain On Me?
86,78,1,Trini Lopez,If I Had A Hammer
346,342,3,Trio,Da da da
122,122,W,Trixx,Merry Christmas
93,85,1,Troggs,Wild Thing
42,42,5,Troglauer Buam,Bobfahrerlied
63,57,2,Truck Stop ,"Der wilde, wilde Westen"
410,391,2,Truck Stop ,Dave Dudley
246,233,2,Trude Herr,Niemals geht man so ganz
35,37,3,Two Of Us,Blue Night Shadow
265,249,1,U2,Van Diemen
331,311,1,U2,One
342,320,1,U2,Pride (In The Name Of Love)
71,65,2,U2,Angel Of Harlem
396,130,2,U2,Where the Streets have no name
204,193,2,U2,Sunday Bloody Sunday
210,199,2,U2,With Or Without You
263,250,2,U2,I Still Haven't Found What I Was Looking For
365,348,2,U2,New Year
248,246,3,U2,Beautiful Day
333,328,3,U2,All I Want Is You
188,187,3,U2 ,Staring At The Sun
132,132,3,UB 40 ,Kingston Town
372,356,2,UB 41,"Red, Red Wine"
199,190,1,Udo Jürgens,Aber bitte mit Sahne
203,194,1,Udo Jürgens,Griechischer Wein
405,378,1,Udo Jürgens,"Siebzehn Jahr, blondes Haar"
245,243,3,Udo Jürgens,Wozu sind Kriege da?
29,29,4,Udo Jürgens,Ein ehrenwertes Haus
112,112,4,Udo Jürgens,Mit 66 Jahren
113,113,4,Udo Jürgens,Ich war noch niemals in New York
139,139,4,Udo Jürgens,Vielen Dank für die Blumen
167,167,4,Udo Jürgens,Merci Cherie
87,87,5,Udo Jürgens,Der gekaufte Drachen
409,386,1,Udo Lindenberg,Cello
21,23,3,Udo Lindenberg,Ich lieb dich 
135,135,3,Udo Lindenberg,Wenn du durchhängst
390,386,3,Udo Lindenberg,Ein Herz kann man nicht reparieren
92,92,4,Udo Lindenberg,Sonderzug nach Pankow
241,241,5,Udo Lindenberg,Mein Ding
191,180,2,Udo Lindenberg ,Horizont
235,224,1,Ugly Kid Joe,Cat‘s In The Cradle
161,151,2,Ultravox ,Vienna
159,159,4,Ultravox ,Dancing With Tears In My Eyes
87,87,4,Uncle Kracker,Follow Me
169,169,4,Unheilig,Winter
286,286,4,Unheilig,Geboren um zu leben
350,350,4,Unheilig,So wie du warst
387,387,5,Unheilig,Zeit zu gehen
144,137,1,USA for Africa,We Are The World
47,49,3,Ute Freudenberg,Jugendliebe
270,268,3,Van Morrison,Brown Eyed Girl
4,4,5,Vanessa Carlton,A Thousand Miles
288,284,3,Vanessa Paradise,Joe Le Taxi
406,379,1,Vater Abraham,Das Lied der Schlümpfe
171,171,4,Vaya con Dios,Nah neh nah
133,123,2,Vengaboys,Uncle John From Jamaica
167,157,2,Vico Torriani ,Kalkutta liegt am Ganges
83,85,3,Vico Torriani (Bill Ramsey),Café Oriental
259,245,1,Village People,Y.M.C.A.
414,387,1,Village People,Go West
214,211,3,Village People,In The Navy
121,111,2,Vincent Clarke ,Only You
256,256,4,Visage,Fade To Grey
187,187,5,Volker Lechtenbrink,Ich mag
287,287,5,Voxxclub,Rock mi
163,154,1,W. Langhoff,Wir sind die Moorsoldaten
160,151,1,Walter Scheel,Hoch auf dem gelben Wagen
43,43,5,Wanda,Bologna
272,270,3,Watershed,Indigo Girl
318,306,2,Weather girls,It's Raining Men
392,374,2,Wencke Myrhe,Er hat ein knallrotes Gummiboot
72,72,W,Wendy & Carnie Wilson,Hey Santa
10,10,1,Westernhagen,Johnny Walker
237,226,1,Westernhagen,Dicke
184,173,2,Westernhagen,Mit Pfefferminz bin ich dein Prinz
72,72,4,Westernhagen,Ganz und gar
73,73,4,Westernhagen,Geiler is' schon
152,152,4,Westernhagen,Weil ich dich liebe
153,153,4,Westernhagen,Wieder hier
195,195,4,Westernhagen,Lass uns leben
236,236,4,Westernhagen,Sexy
324,324,4,Westernhagen,Willenlos
325,325,4,Westernhagen,Freiheit
114,114,5,Westernhagen,Es geht mir gut
147,140,1,Wet Wet Wet,Love Is All Around
292,288,3,Wham,Wake me Up Before You Go Go
107,107,W,Wham!,Last Christmas
381,363,2,Wheatus,Teenage Dirtbag
11,11,1,White Lion,When The Children Cry
60,54,2,Whitesnake,Here I Go Again
186,176,1,Whitney Houston,I Will Always Love You
83,77,2,Whitney Houston,My Love Is Your Love
24,26,3,Whitney Houston,One Moment In Time
92,92,5,Whitney Houston,Didn't we almost have it all
390,365,1,Wildecker Herzbuben,Herzilein
312,300,2,Willie Nelson,On The Road Again
16,16,5,Wincent Weiss,An Wunder
121,121,5,Wincent Weiss,Feuerwerk
205,205,5,Wincent Weiss,Kaum Erwarten
250,250,5,Wincent Weiss,Musik sein
134,134,3,Wir sind Helden,Aurélie
307,303,3,Wir sind Helden,Nur ein Wort
282,282,4,Wir sind Helden,Gekommen um zu bleiben
189,189,4,Wise guys,Jetzt ist Sommer
89,89,5,Wise guys,Deutsche Bahn
175,166,1,Wishful Thinking,Hiroshima
79,79,W,Wizzard,I Wish It Could Be Christmas Every Day
138,131,1,Wolfgang Ambros,Schifoan
220,209,1,Wolfgang Ambros,Es lebe der Zentralfriedhof
209,209,W,Wolfgang Ambros,Weihnachten wie immer
281,281,5,Wolfgang Fierek,"Resi, i hol di mit mei'm Traktor ab"
166,157,1,Wolfgang Petry,"Bronze, Silber und Gold"
183,173,1,Wolfgang Petry,Wahnsinn
205,196,1,Wolfgang Petry,"Verlieben, verloren, vergessen, verzeih"
123,113,2,Wolfgang Petry,Ganz oder gar nicht
285,273,3,Wolfgang Petry,Weiss' der Geier
88,88,5,Wolfgang Petry,Der Himmel brennt
126,126,3,Wolfgang Petry ,Du bist ein Wunder
216,213,3,Wolfsheim,Kein zurück
389,364,1,Wolle Kriwanek,Ufo
280,278,3,Wonderwall,Just More
113,105,1,Woody Guthrie,This Land Is Your Land
186,186,4,Xavier Naidoo,Abschied nehmen
244,244,4,Xavier Naidoo,Dieser Weg
188,188,4,Xavier Naidoo ,Sie sieht mich nicht
287,287,4,Xavier Naidoo (RZA feat.),Ich kenne nichts
253,253,5,Yael Naim,New Soul
58,58,4,Yvonne Catterfeld,Für Dich
220,220,5,Yvonne Catterfeld,Lieber So
271,271,5,Yvonne Catterfeld,Pendel
28,26,2,Zager & Evans,In the Year 2525
386,361,1,Zarah Leander,Kann denn Liebe Sünde sein
195,192,3,Zarah Leander,ich weiß es wird einmal ein wunder gescheh'n
171,171,5,Zayn feat. Taylor Swift,I don't wanna live forever
414,408,4,Zaz,Je veux
230,230,5,Zillertaler Schürzenjaeger,Logo Logo
295,295,5,Zillertaler Schürzenjaeger,Schürzenjaegerzeit
392,367,1,Zillertaler Schürzenjäger,Sierra madre del sur
157,157,4,Zillertaler Schürzenjäger,Der Jodelautomat
416,298,2,Zlatko ,Ich vermiss dich
278,276,3,Zoff,Sauerland
254,254,4,Zucchero feat. Paul Young ,Senza una donna (Without A Woman)
234,232,3,ZZ Top,Gimme All Your Lovin
